,y1,y2,y3,y4,y5,y6,y7,x2,x3,x4,x1,x6,eta1,eta2,eta3,eta4
0,0.7298379011031193,-0.7811498237558406,-0.4739514703964443,-0.2351574857607317,1.7884494512199622,1.0063857686465405,-1.185176987799367,-0.2059126490919564,0.2481283063872507,1.984574547144943,-1.187765239917527,-0.0254941285851996,0.4008602059891568,1.1152978740418664,-1.2181890511185078,1.4220736706970418
1,-1.895332255404864,0.3130255550764175,-1.861668658692673,-0.6855099634742023,2.5215764442887174,0.8016190826067184,-0.3773734492425806,-0.379987950189983,-0.1118772731144619,2.1390315301753056,-0.3973232525513618,-0.2171588071368566,-0.3976768661996458,-1.5167023832696622,-1.2122649125476663,0.246284104838836
2,0.7719895091582907,-2.0199362753712737,-0.4525596152200937,0.1797657200272051,0.695212423137946,5.799454967604621,0.5016960679732951,-1.701278082594501,2.4654383806163613,1.9086561475071857,0.5343648986363834,0.0583702908178956,1.3712493942598505,0.6886616661434315,0.0561514167608164,0.470964548756559
3,-0.9564709921392476,-0.3743256734865921,0.0403941075123653,1.5107366353761118,4.147962664608358,0.524349031775806,0.9281588928945366,-2.415388626781433,0.4641820418883841,-0.0897869357160506,0.0910936062559131,-0.6038589312369547,0.5923499360448582,0.1643140740867542,1.911696783977998,-1.0542797756237954
4,0.9596399335287557,-0.9979093016787404,-0.2998344984034999,1.7163031047042718,4.20492370077945,2.9313157369678,-0.1394612960074405,-1.4327441072463465,1.8727050321306136,2.2841950152993338,-0.8515399797793188,-0.3432059268430377,0.7601342270892301,0.3942151912832802,0.5467262523667502,2.136955573561126
5,-0.989292117280313,-0.5715714504208725,-0.7442771182718351,2.7635703014945587,4.831975285947237,0.631261063044547,3.9915588062566334,-3.0136780651198,-0.3778841599114013,-1.2934655631356375,0.0062731561844182,-2.085792438905004,0.5957580667157908,0.0340821953545571,2.752240421308021,-0.2221523229245761
6,-0.9835432288980144,0.1784380114474927,-0.4736392570693526,2.2071626329658245,8.081882130205939,-0.28082475792499,-0.3502115903853644,-2.328652133542113,-1.194260852596816,1.238230539069501,-1.531535315243643,0.9737262308523678,0.9393440759325412,-0.0304291934582414,1.2698390459426023,1.366043553455508
7,0.8588178255751848,-1.209919241700597,-0.1643602294896223,0.2543486714307836,1.011894676433278,4.301329594371379,-0.6563788635219671,-1.4483448037775264,0.7393447285624628,2.2532998657920205,1.150267395898296,0.2987977803217619,0.1512210383101201,0.7703261538659436,1.148010566394089,-0.3027269101829335
8,0.0344766141354035,1.7561175398523847,-1.540562550383937,-0.1524400276669346,0.076819526242945,2.308013745303337,-0.2245556000676847,-0.6064648490515014,1.464501751906348,2.1314717767183398,-0.2052840194962512,-0.7734558440334302,-0.2019451742043143,-0.892494088243516,-0.936845303602617,1.4786900586654514
9,-3.0840450797001377,-1.1590928603801096,2.121153879143066,-1.0159120840290587,1.2846437177807808,-0.1289583798297453,-0.95159471336066,0.0072285211951297,-0.032746726911718,1.853578535248245,1.118549944255326,1.8987349813552388,-1.4603414663106278,0.0374139101465999,-0.3380324693563747,-1.801518383312476
10,-2.02855931998237,-1.8706431603663136,1.4930923179290434,0.3429724235389355,-0.1811688303699157,2.2580429282258927,-0.4189592474610043,-1.6162596454748344,-0.6785252366369139,1.691221820556872,-0.526531687096043,0.0870164803923865,-1.365996965489544,0.7552511643965735,-1.6439426988060672,0.2819454280941897
11,-0.3494862069769497,-0.5914275947156813,-0.3804537485629999,5.142005505609781,6.951380440028563,2.165779184790193,0.6520277475612677,-3.0352326369961204,0.3593699979317235,2.795911279144484,-0.5235759884065829,-1.0361435719751968,0.4880626146984848,-0.5097316196848534,2.9286869782694067,2.133044992542372
12,0.2062272491667431,-0.648103897314855,0.0580606802475096,0.8512093290937206,1.0931054150634776,1.0064340689084788,-1.3727113299574256,0.1169167992931212,-0.0206249601469317,1.718443894793162,-0.7641867866378464,0.8567374214704584,0.1495380525279235,-0.0737007540401997,-1.903540509965175,1.1497362581839767
13,0.4064396168036699,0.127054927839655,-3.0421234663362795,0.4874375525024308,-0.9996347154961176,3.941402912101261,-1.6181202165432638,-1.0335976396091304,2.0892298200067883,6.759576984909935,0.8761739316930753,0.3980482165092625,0.8501013121080259,-0.1637557518474052,-1.3093234082028973,1.06766927871839
14,-0.2844380753689484,-1.852475518251809,0.7893162649570211,0.9742055206412932,6.424868054011798,0.6423755416883689,0.5833172536797866,-2.3199384436008863,0.0495309690580154,0.6559515909381626,-0.7094311573284758,0.3945799854842193,0.6899648710286376,-0.3518221143615677,1.36843819938223,-0.0480624309732226
15,-2.554967400130184,-0.6183400219334139,-0.4037479548263818,-2.4982340382430417,1.3560388159565335,-4.2891385900807695,3.531306075296645,-1.547461947941512,-1.1708461424062966,-3.138138756874855,0.6445954324151765,-0.4257556046515905,-1.800243001261547,0.8521572645165267,0.6358828058336501,-4.557336074087518
16,-1.862009900396585,-2.660819711512165,3.346557138675625,-4.3306271275162285,5.004190347509824,-5.396608718971515,2.670987807856105,-2.068980799077621,-3.064460375004662,-5.186220933751472,-0.3824523976692902,0.4504957237780347,-1.809572766845949,1.9073093691673004,1.3358536191668249,-4.638312674756167
17,-1.6520948774419562,-2.4730487041720823,0.4587697794765877,2.2025896487355405,4.604602724991695,-0.7684776818771737,0.0358027548567005,-2.078955129043667,-1.3750646786716851,0.329093279869173,-1.97596329989162,-0.2617582902210945,0.3307211242525328,1.8245707242834408,0.0770081783897316,1.378229984337263
18,-0.5371826596233857,-0.4226287569410415,-0.4105138399862267,-0.2930940000815378,1.7181145974243193,-0.9834350686573192,-0.7664342958122683,-0.7353829626628758,-0.0890273145229402,0.5804069772722196,-0.5703140677864661,0.5559414516458422,0.1341451014246882,-0.9993193432298728,-1.7695022604189483,0.3726958952434471
19,-0.7587557011681941,-0.0014174766417288,-1.5523276006432851,-1.5117260259638838,-0.2094077046214266,1.0363501363588978,3.0229746446967054,0.8343407577633155,-1.3493581509563977,-0.877832790593868,-1.1791082143628482,-1.9049444540106388,-0.1386485568397031,-1.144060337657832,-2.6224405504094,0.4320536457945527
20,0.57119309771379,0.5989812616997031,-0.9519675569681468,3.975965528557219,7.085907633175344,3.253889736328647,-0.9566706617046344,-3.1659348238301206,-0.2741420924220131,1.8046322165561093,0.0339027236823375,-0.4338734629791891,-1.000948064623201,-0.4324255634355711,3.004420991645304,-0.0980355140085381
21,-1.2182674862272198,-0.2636898669567694,0.3208027184678144,-0.1188590168250101,5.213039352043661,-3.0601196698445188,2.312404644533477,-0.885326299883482,-1.697707057576879,-2.715895615952855,-1.1904077356744902,1.7221550978081948,-0.5126467960044795,0.4284794164392027,0.185556944357019,-1.336749532633048
22,-0.8566868687142284,2.0448418491174727,-0.7834033737785655,-2.5947329461146023,-3.504962697631001,6.002620021289123,-0.4632854237410259,1.084059146938474,2.1123731890738133,5.645117995289437,0.9259751007146168,-0.7670674554003005,-0.3604749660052055,-0.8404817538268006,-3.748361665699728,1.3508179218485403
23,-0.7102000425871333,-2.599074436366106,-0.2241648929596844,3.227489666013959,5.664099846120771,2.0205392136161526,-0.2951619122688845,-2.148903587061511,-0.0317785417601845,2.7763670263907665,-0.0910758603530272,-0.6038382974931866,-0.1347366956496555,1.791495427515453,1.8536572799358983,0.4178491383294491
24,0.978856414171024,-1.2109558170808363,-0.7495445833867096,1.7548210232063473,1.5617665494762811,2.527630622331686,0.2653890696269751,-1.5718894908188443,0.6888698242232363,2.374300796606073,-0.1775959947587389,-0.4479613384499751,1.112085478167815,-0.2282509340336346,0.6644678893321595,0.9796659623647264
25,-1.6755488245112509,-0.9106373990291428,0.0143339449674461,0.5643910398495298,2.88040529019712,3.6612011265315374,0.8712921801088185,0.400183526465141,0.2280500441890413,2.5548016535337177,0.6558921377875826,-1.2148061358886433,-0.8340790603569004,-0.4659509174933375,0.758977583445346,-0.5570945972268222
26,-0.3982217871653615,1.1989169866094036,-2.213566477494735,1.576299344023556,2.217415323161851,2.843594634660061,-0.11392332728553,-1.4489020762553495,1.821230240583779,1.5638904622967296,0.9639069340758624,-2.208280776228252,-0.6348926822496923,-0.401508242846303,1.0199623264178277,0.2759262881890176
27,0.379601725464878,-0.282198569704194,-0.3307591310529738,-1.6348126650669088,0.5668564283377796,2.6778166176860765,-0.2843356086162625,0.0531821348205925,0.7053090307154503,0.9343559354741996,-0.0200987517696516,-0.2305863985236128,0.2151429621011763,0.1498865090767834,-2.4884189143661883,0.6121049163163825
28,-1.5140897697291908,-1.482727289339464,0.5550015597923963,-0.8605658638977036,4.452110107590224,-2.987071998564219,0.4318356758027354,-0.9330175841034792,-2.109248677135038,-2.510365140501857,-0.7712002995492906,0.1358594240816568,0.1913872226664772,0.8416987344883227,0.2567337903214841,-1.3248706886382169
29,0.5783377423119909,-4.365725557474008,-1.2283596548331488,3.67639640169236,6.822808900124861,1.048544645144298,-2.140657819890999,-1.1777089953362905,0.7065729428184533,4.378396365800133,-1.7739696161121294,-0.0525050685386521,2.8694101427262275,2.015826198515742,0.7129025818514224,3.5324178646071718
30,-1.57479005973046,-0.1038875560250736,-0.3573469205891767,-2.359223642316077,4.153927235427233,-1.185878110414792,0.8239490143187098,-0.5247268992973481,-1.7124405176861257,-0.1477135105626685,-0.68604975703518,-0.1448785619478868,-1.6477105585863074,0.0560733034057034,-0.8883181061631668,-0.7900758686721764
31,-0.9459006884016202,0.1031755661568781,-2.982596675376358,3.3921582261447822,1.5762614048883812,7.935522121194173,-0.6728344787436011,-0.8153242457453052,2.7604461811281373,6.844561306013789,-0.6172122466479616,0.0430408708503876,-0.1131110904678414,-1.3539023743008642,-1.9623312377787736,4.455957953924539
32,-1.88641322207979,0.0154234031892752,-0.2747866526764512,-1.5790155034230295,0.488879212168458,-1.35199147786647,1.4982846608380762,-1.3897160605889172,-2.068687282416237,-1.1535290009729349,0.1070574529922967,1.022841471550764,-1.2593081210160304,-0.0175665300364313,-0.1607004133682581,-2.4725296392491827
33,-1.1136700054070336,-0.8593958130179076,-0.5919465570427926,2.966150082653284,4.635067176394654,3.17152201038686,-1.6014302337564752,-1.6482594992328832,2.4259832128338186,2.998323576997003,-0.3451468811380271,-0.1904461859292167,0.2622429990841065,0.0921605699673774,1.4228525752108838,1.1706842642857913
34,-1.71632335771849,1.054213327209931,-2.01786437162038,2.754682602222387,2.6057326511934624,4.3816540203239045,1.44887255502343,-2.1776817488913225,0.4214468332156986,2.0411524268951906,0.6879329720514281,-0.5740825770872696,-0.8767486845783172,-0.5368985257188349,1.9760011698701727,-0.1513461565729176
35,1.1755491691700135,-1.9442048514742,-0.6518553978740048,3.003485688934444,5.460707264978881,2.749875799554336,-1.4220255053833355,-1.4081157502261976,2.335341434975242,3.169479526681511,-0.6129832712706895,-0.2811254848880863,0.9782610266705404,0.3738541127892961,0.9046276804855516,2.156930597829789
36,-0.544369438065863,-2.1816340944237167,0.6697062401690297,1.3917633406760437,7.451589397122227,-1.2104358241614264,0.2496499004858189,-2.877550225381394,-0.895816921789787,1.6159407646588946,-0.0570411668529417,0.5793467597567757,-0.2333292325422194,0.6410126918240766,3.5743929126927103,-2.0756535082686067
37,0.0115625381419326,-0.6091377784848465,-2.840103873165999,-3.3774102858605897,-0.9946078962630068,1.3289879947863277,1.0271879686278869,-0.7652710390545248,-0.2443440864012136,2.4924202594348013,1.1839874431968893,1.4120268785432497,0.4630205493928054,-1.3088034931040653,-1.2420352993233612,-2.715812976486067
38,1.518638521981624,-2.1151064725256767,0.8077225164706863,2.7050667271172064,3.145460326914355,3.4399782745515566,0.296943988551927,-0.8139401355378242,2.9354334697127284,5.91409440532377,0.3418252139549665,-0.6281437391691783,1.8531508003923736,0.1344382969216485,1.1130590698856844,1.3045637274583173
39,0.2263472014427432,1.2584417842192628,-1.9696525633624629,0.3673252705317222,-0.2495261837916804,3.4107580191242333,-1.9660491019489168,-0.176500085190675,1.6008090954397782,4.312240082601282,-0.0600375416885645,0.0989337870288837,0.6001584754213193,-0.6746279684370365,-1.5960439296972213,1.6611210486657468
40,-3.009400216789988,-0.8743210868988003,-0.0245344858415257,-2.094121026781682,2.6902716262915725,-7.408328210729257,3.908272766782354,0.3216738212000696,-3.3200814783178134,-6.69644848958052,-0.601944441935177,0.3383574419359596,-1.2472275178153212,0.3397931356559932,0.3127148663923189,-5.336958399114526
41,-0.5324038855013813,-1.52174328880628,0.5641858795287216,-0.0622510358458776,3.640426904068999,-0.8063674889582757,2.031348783713451,-1.6727976815928007,-0.7788785012607462,-0.9158679450266456,-0.6332313967149771,-0.9925780067288228,0.2526126647481993,0.6709312964833504,0.405941569952932,-0.969725921189964
42,-0.6259784418820087,0.0444996483449259,-1.0122405281854463,1.7121067710130506,3.6758719741108505,2.6156425520437585,2.367102768664799,0.1225920506042266,0.1833178256246775,2.8930463441188268,-0.8506132529519478,0.0204171672129181,0.0278725414007647,-0.8173070344135018,-0.6620319118344135,1.6313302415682889
43,-2.41777633913671,-0.8417057958726903,0.4412514144972034,0.6539055562960729,2.498266193071845,0.1705828118385409,1.0532314893175916,-0.7068154732483116,-1.5734703591716772,-1.4736601617943,-0.5410068657828994,-1.465673857342095,-1.1049321058048178,-0.0234622258721662,-0.2544836766495326,-0.3637340633989017
44,-0.0032502949019981,-1.9013449321865248,-0.2447365493995625,2.851772616203715,4.587942278174324,7.0328047080103415,-2.212068943573482,-1.057841958815695,2.7119126449529003,6.428850554320024,0.7556658387443146,-1.7690503037393988,0.6927341319365381,0.8122560369753365,0.850349605881313,2.473045812746785
45,-0.923895493111879,-0.7259214584610671,2.154738166605543,-1.6291304314930652,3.549660062037627,-1.468282948180071,-2.068754806317961,-1.530774933006679,-0.3781911818485585,1.0921253510336553,-0.2218882712922687,0.366746407892257,-0.3140530935397576,0.7015131507466694,0.5628664676026713,-0.4692201710969073
46,-2.744672997104643,-1.025968725605814,0.3741515464624165,-0.8777725365420315,8.24105481675339,-8.057485059640165,3.763899521470583,-2.764998222499715,-4.920493641112516,-7.455054244800788,-1.349773069381231,-0.3838747413307828,-1.3360772052080174,1.296582374382473,3.3301125543024908,-3.6573681485584015
47,-1.7071216029042682,-0.4692060767107159,-1.168400509738836,4.181161183937532,2.460247201283523,8.682074476932545,-4.588193348157846,-1.8892468814218573,3.066537830823057,8.845478190085128,1.7681692930597834,0.2022804076212191,0.2978438270218623,-0.1929135554197917,0.5098358545973714,1.545149524115503
48,-1.3727703066602457,0.4595739405140709,-0.6301338730724733,-2.210123811518912,1.0007076770155616,2.6746742677083235,0.3668462693336986,-0.4442462614761223,0.3635939263053064,1.3553651108378064,0.319965191145163,-0.01789497700835,0.2201730078274164,0.0660855964062694,-1.4621310920401385,-0.2425795532207287
49,-2.691690279700607,-0.2070627560283989,-1.0516658230868745,-3.9082945684058097,2.6267063360947382,-2.7056939276225505,2.6437223251877198,-0.5924391290898814,-2.3651928282192123,-5.073630914387004,-1.4069434005131694,-0.9764000486637974,0.2748687301005297,-0.3430034723173743,-1.818044387840628,-1.8580576149174917
50,-2.895542241233477,-1.6243045500179585,0.2447287907052866,-4.41658196034454,3.1004027390200117,-7.314537092647455,2.9174652597874875,-0.7089680045129105,-2.728602877486224,-4.473677664761286,-0.4418489272408238,-0.0452543019643364,-1.6763768148136424,0.7350468078630376,-0.3785552873417911,-3.9917330532475104
51,-0.3521575593290327,-0.9246369430893476,-0.4594804170219373,3.040481366903995,5.579839939037599,3.3866163119202115,-0.5358994628883957,-1.9176804371018985,0.9774676266673756,1.6434449877930934,0.1108863828284178,-1.2331013050148552,0.1443942428498669,0.3538196262556143,2.6013311925840754,0.4894349799290967
52,-1.5007352499893407,0.8146284412758867,-0.7324640463981915,1.4936328652644897,-0.537313429397124,5.866946876789544,-2.405069743669258,-0.6138334267804757,2.8837823273519465,7.179885693183465,1.704592093297377,1.3909723580014006,0.2916660730010065,-0.1436663192235377,-0.3909702281502379,-0.1779849795063808
53,-1.7811015642280896,-0.4218949998941751,1.1991737542034706,-0.1039154763066807,3.956521168138517,0.9787698793752232,1.812201661768436,-0.5871338957648704,-1.146324609318283,-0.0017486553235875,-1.1081124582588693,-1.3559703448599638,-1.626174109214961,0.8763877783335239,-1.2294404746751604,0.6260253190365579
54,-0.922655809002255,-0.4243757689771033,-2.716923700416031,-0.2136600490931139,-2.118309390312363,5.986081666471249,-2.456139510775449,-1.559772244350654,2.460645647482301,7.231884640385798,0.9760407193559466,-0.1957852709685813,0.8050762471899431,-0.9815608864709904,-1.2545847963962402,0.6183393129300687
55,-1.190728055844326,0.1106959283543481,0.9918442861988876,-4.187997782305258,-2.9883045886169555,1.5849022112527806,1.718058592455182,0.7701892540375654,1.674394332570188,2.4532830591931893,1.399486426972343,-1.0422715880472484,-0.8519263020797202,0.6771885001660043,-2.777902982659703,-1.303105525633114
56,-4.374883624920057,-1.3288211396458331,1.8011583925055858,-4.01808301020278,1.80361740440584,-5.165340456907896,1.1134505830770007,-0.5314163698602132,-3.904337578280362,-4.765639841895553,-0.6286543050745702,0.5704211733607956,-2.153717858896618,0.8583047786395595,-2.179916757486713,-2.985555884292986
57,-0.8392610669241709,-1.4382465207510684,-1.4126778450035042,3.2213209677337358,2.4329407955627014,3.5189135056573217,-1.086322356101569,-0.9396706717377846,2.379776765991397,6.029546458796703,-0.2775136188602334,-0.3314313712815028,1.8864478939690852,-0.3372549041816678,-0.0238779710366486,2.4525857562791127
58,-1.210654913298564,1.5149098816322324,-1.8477025597878265,1.2279292327503932,4.695743667197959,-0.0067588527124367,1.2884829269559397,-0.9048284462963584,-0.1275533171609896,-1.963895554356365,-1.0363092473737705,-0.5186667196212101,-0.4157052542746137,-1.1392756581733736,0.5499784330137187,-0.0710132089441415
59,0.1470097872163687,-0.7486371532886658,-0.4606410537095851,5.5874845106041535,4.971197272920871,4.581133554369756,-3.3800991265219067,-1.861880968632093,1.6515116632906115,7.847948401950925,-0.2034611410803048,0.8532015450515544,-0.0029330467797176,0.1289174483286414,1.212433040601486,2.9488414188609697
60,-2.006395140090353,1.119685052273142,2.3143938477924157,2.408788916421397,4.7599076041562,1.812707519458991,-0.0093497253354985,-1.9714588659080925,-0.8057625966509157,4.036548502663621,-0.0365899743429311,0.0294305916775521,-1.8290532444738503,0.0893062886643264,1.8443969450245052,-0.1009617490814298
61,-2.920512733822755,-2.582278765613653,0.8061876262186813,-0.4922296112489438,3.1034562299014743,-1.316262383946467,1.3669827552284222,-3.110299411307369,-0.6909189625941585,0.911487712859647,0.6596499980823705,0.5166444459359673,-0.0783872203961618,0.8243157489008754,0.7953684997217856,-2.492532672153412
62,-1.609516180500926,0.620268729932287,-0.9266757954204784,-4.937313193105023,-2.7628196967835423,2.2947475484558426,0.2010027575849198,0.6209101538068993,-0.6728224172969755,1.0007245885467049,1.0901834710204468,-0.9813259365174648,-0.5498261051768053,0.4565796326399173,-3.6358184757695273,-2.9151863948035777
63,0.105876662631656,-0.3315685090092807,-2.2714715811301582,2.051786525797955,4.410250580542393,5.002528264293867,2.157963997527563,-0.3378347998567388,0.9263673038697402,2.337331539773467,-0.7480960646216471,-1.404816943927507,1.6185774304404077,-1.610422833096124,-0.2098589900791627,2.138283981958557
64,-0.494453482526795,0.5494422035217276,-1.709998908906791,2.5256145911605863,1.7891699378401615,1.8581828809375929,0.0133906447336825,-0.6769389370922475,0.4223255996386272,2.2437500024083947,-1.9673250642259943,0.1072079620401336,0.8196765316527939,-0.8611406619563245,-1.318375634779153,3.4656342925768264
65,-0.9498717560074472,-0.7196396625498928,-1.343788509842435,2.7149819957162418,1.8617228554285676,5.953211389784046,0.9157624621989428,-1.9797414424786857,0.3863299442710449,3.480704250812626,-0.0212447792762421,-0.3188463554947312,0.4956302676054064,-0.1196149903180389,0.1405841201047366,1.8636925137744265
66,-0.6950266410855273,-0.6366247459813972,0.1925713438466307,1.6148245835720347,2.988797159973231,3.186168266625878,-1.7118374640787644,-1.2169969660897852,0.2936711645839074,2.539477059443404,0.2935375299686405,0.6264346724539442,-0.327263930140268,-0.288974279170813,0.8562104718538095,0.1812694364481303
67,-0.2751711434480267,-1.8148249827263057,-1.6711482581561634,5.832121106586873,6.623626266807654,3.769375230367335,-1.706786765994572,-3.191490371602604,0.564429131663815,3.791944537538013,0.2494176876850416,-0.0799084526625497,1.0290186459118165,-0.5145487429891066,4.066482235200764,1.3850359078276893
68,-3.3190937759717567,0.1101116205977595,-1.6521982618756108,-5.509852786292214,-2.169116370597224,-0.8083338788348366,-0.1815795387101193,1.8603225538814787,-0.6465287801340085,-0.2756461702885562,-0.326673247509044,0.2050753392346299,-1.9580976009420743,-0.7103428805277141,-3.7462220622288753,-1.5995022989322154
69,-0.2708637828050122,-2.131586815282971,-1.4443212715788405,4.101952470597739,2.45422665467534,6.35448261925437,-1.069831459327358,-2.0668625847752407,1.452516781332332,5.104201677465428,0.1247520996639345,-1.6233825299412434,1.5108116266819882,0.1493357319808632,0.3595368209739584,2.68391738666145
70,-4.290118522683908,-0.6248513873040028,0.4591451098573413,-0.0443277475051038,2.5395153963762223,0.7174823072513627,1.107360330351998,-1.5446845984050384,-0.6141967786918594,2.381276605449669,1.5154448083522476,1.8884369396142568,-1.7223245071359716,-0.056397746458525,2.118193005438336,-2.9333804227158526
71,1.128152119662894,-1.2928111068967891,0.4390424219317694,6.153039902794082,7.01652582197744,5.986325475979254,-2.187564603966819,-1.999625630078746,3.5858535944930567,5.428967219418223,0.3817341689625093,-0.1642419850320318,1.5011613820919985,-0.1266191849598395,3.055843572115947,2.066686879656163
72,1.136217414382355,-2.0091308622144286,-0.9988629031953774,1.315974384143647,3.79904887956614,-0.6414914842124797,0.9736913771262146,-1.379322537125196,-0.0994123660691399,-0.1428983568531876,-0.3733684250030844,0.697586970339199,0.7551893209739399,-0.0842749820178807,0.5364919800051814,-0.7540067904551789
73,-1.0789774736120608,0.0605835120349903,0.0305463374930801,4.5981742974142925,5.975820957562874,-0.2060548670913879,-0.4083758358067373,-1.8590128144451623,-0.0347456786150842,1.2400655149222797,-0.5001978170959958,-0.8360916702196265,0.2378898699267234,-0.8844665196666373,1.803763580981792,0.7290252515991994
74,-2.3069537588555944,-1.063562328598071,0.7040010786687585,2.989355316171034,5.065634590106651,3.112873609004088,-2.594365287380646,-2.986653075147591,0.584863475172205,3.4502077854179243,-0.1698523576777306,0.3080099022173409,-0.3144132210676905,-0.354710485720447,1.9185077235322727,1.0517803144406033
75,-0.5686321552381627,1.2691143285087878,-3.9537293478713127,2.332100039840005,-0.6322132656978303,10.41374973897851,-0.9161752754532846,-0.4115502118641972,4.903874649111285,7.779918229593193,1.6367399618306395,-1.302844763524745,0.9290086591433552,-1.909161464302904,-1.5800528044643896,3.657386384519857
76,0.3567126186266265,-0.6897513575523911,-2.251550356016345,1.108647303698005,2.6007107653546777,3.653551891027659,-1.126248070632344,-1.11798620401543,2.0263608649205174,4.639661972469463,-0.1833007095261973,0.452067838259671,1.680332992821007,0.103038498637129,-0.6411162303845005,1.9445562429959529
77,-2.4374490768380186,-0.4756149949191902,-2.680768568288312,0.7982949088355085,6.613565549415728,-2.3237835541552982,2.0425287237207077,-2.4839932833963765,0.3846469531413959,-2.179171492699833,-0.0197943445207079,-0.3559740843858328,-0.6038738981400671,-0.2902303766191169,3.2364999498709954,-2.1917742991581792
78,-1.057330165260392,-1.0470583648977163,-0.5686490393921921,-1.4699468473257324,1.4321417241301733,-4.0020022533639965,-1.772063386957606,-0.4793511597293584,-0.8714943641402002,0.2555532455552618,-0.4823135709363029,0.0291905039355674,0.4289010573099654,0.7690471995434681,-0.5722507298309176,-0.9100953104242864
79,1.9708788952081115,0.0127068758861522,0.1566671857086717,-1.2130166341843556,1.5457993190645745,3.522807600514299,-3.821629844208491,-1.5565324938060563,0.9741922152645448,4.367191440411157,1.0989833574419647,0.6979740301300975,-0.2929107161061333,-0.1832331261286566,0.3143472884419975,-0.5235022014967855
80,-3.3172634184225185,1.4585404690199333,-0.3409542188955272,-2.69574910481356,-0.2540566829090771,-1.2716839040280414,1.1830917839888857,-1.0407798643712078,-0.6034994184865523,-0.8817381987114639,1.959837254744675,-1.2325403112202802,-2.890390558126188,-0.4213729924415821,1.1781737834069752,-4.4456667750707135
81,2.275375389582943,0.507702209126755,-3.056219402932962,5.146848760761269,3.905037280022194,7.498460774361705,-1.2519071933551245,-0.6340427718203926,3.599500977299545,6.43330024319717,0.4506130494313883,-0.684491730612797,1.7719129577780126,-1.0354597987457987,1.1030699828267934,3.5565552454437555
82,1.1974881384562803,-0.6600770748533702,-2.338426170619659,3.0989837349011795,-0.4838846025148851,9.02574961146455,-3.467454905118045,0.112822799833874,4.064921592163479,11.235747411670976,0.0827729037854257,0.4573242810867655,2.046591982689692,-0.7405035418952571,-2.780803943449768,5.412583232135077
83,-1.5188472711687646,1.2024966541302096,-0.8372854183097849,-4.679844036177812,0.0839068731292959,-0.7830212878301881,-1.115673775397242,0.9748997034525376,-1.2811685252098677,-0.4030880710986615,0.0367828331742347,2.098221474546747,-1.7037859449062898,-0.1040852443469425,-2.27073705613722,-2.454834456610918
84,-0.9393977348080826,-1.4937936126146627,-0.0127043961049453,0.9628930713945404,5.786639261730697,-1.1635557440831985,0.5085115207271613,-0.5331529665171195,-2.0514032545558134,-1.0112951045892085,-2.3843067887857456,-0.1380823346614817,1.0958361274670378,0.3531292827862979,-0.1389040605149251,0.9351364702537124
85,0.7285292494070128,1.6471934792714769,-1.0792014631475402,4.221580490653814,1.8817642709093485,5.822303931683988,-1.1356503821591903,-1.9148189788203236,1.7047089954288457,5.197483767245984,0.7451508642848174,0.5911361179239325,0.3108499168224232,-0.8658810458743849,1.5230625972928746,1.2177689925591235
86,-3.2582610446410225,-0.002000424679827,-0.8654420002283084,-0.5813268804396172,3.112224151886376,0.025714256215197,-0.71241020651574,-1.2042120097071785,0.6292338325416533,1.668937252194413,0.1341664159958435,-0.10697146985848,-1.9761183291548357,-0.6063897931478196,-0.4509299859165561,-1.0040186946645293
87,-1.5092263685128704,1.150940022690214,-1.3160731177819676,2.593672641705344,2.659103654070483,3.249845078218648,-4.044225095588417,-1.2930085882561542,0.3229352984181011,8.259613818124453,0.4283420506607249,1.9422455947562995,-0.536007791459524,0.3828356959988836,-0.6651445190745522,1.5580475306241803
88,-2.105159047748744,-1.8826570246244216,1.98320967252744,-1.7207738666963424,0.8604514858600343,-1.6525873093625754,3.703172595847396,-0.6876475623483544,-1.6239299172114263,-2.097370102856108,-0.7114621940837048,-1.7472216669652556,-0.2289125601121296,1.705708858465066,-1.1231652591794326,-0.9077044537697788
89,-1.9073215952494973,-1.788467345864372,1.3484494722898168,-1.647552874407808,3.1169573972024622,-3.371561693690745,2.0292997137879936,-2.0537272887953044,-3.1111616670756472,-2.4890292737579367,-0.3844568789770916,0.094621044669358,-0.910147724195594,1.4490296617272318,1.2317559315983255,-3.573749209760201
90,-3.2665261146773146,0.386973547488299,0.7415442660522116,-3.667132802634267,4.378861198449309,-7.594554595725517,4.017050043151995,-1.693027570933376,-2.6173098281699243,-8.563045549145924,-0.411024936503173,-1.625544033562061,-1.0721819507921893,1.2611305469686434,-0.0511388538356134,-4.49851808500245
91,0.9897221289976164,-0.4525769397794398,-4.097303633270823,4.432805585052668,3.678591268506022,6.883547519906402,1.163773995796855,-1.869265359850711,3.710791914792768,5.676713558685215,1.0216229840730389,-2.5065715705367166,1.172748933983183,-1.768731833144201,2.6665317487554074,2.3070428882566096
92,0.4675663574041022,-1.186925909774908,-0.8022762671694351,5.980257590807597,4.528474910221433,4.783309443429994,-1.9651652448999712,-3.4670115614715358,1.3564366327489814,4.577973134604145,-0.3787598366030933,0.2974620531178165,1.8595724112386427,0.9349122898182848,2.9306936897883435,2.4110041044415325
93,-0.0332262333412041,-1.4183417257796478,-0.6096287580581631,6.353226509242443,2.07102053341693,10.114390162813748,-5.8301013321808215,-1.9916523646875808,6.511873687182099,14.122259987524824,2.0826603221097977,0.1394977961474588,0.6509703034478285,-0.2416145722438695,1.3249057285117836,4.370816199059427
94,-2.686448072630224,0.2998635222074358,-1.8092387315070328,1.7298181458278616,2.9381253682231208,2.547825947203499,0.0152886877740755,-1.5482637319344343,0.8324660150075636,2.072155035137792,0.4308624190150374,-0.2848369377422013,0.1132413776616075,-0.6232422993738218,0.6756789232137366,-0.5585796634673097
95,-2.793671878731331,0.6939460082409455,-1.8659218093597885,-3.541717287084174,5.422603970558647,-5.616925003566033,1.5801940389907456,0.4850250461414813,-4.228025479804555,-4.401849941476764,-1.2756826599957316,-0.1061940900397531,-1.0049272477109608,-1.4436111511002248,-0.863641759245164,-2.514223774949717
96,0.3803073516840476,-1.8448197913293871,-0.7686289120669385,4.452328531276346,1.9654399597946868,3.907120355852303,-4.319196142988922,-2.197472683505274,0.480913274038072,6.449752659143181,-0.1285462932519568,3.098299434071257,1.1706501502637396,0.3633765918578281,0.4985858727990639,1.943650252031084
97,0.4710731680499769,0.2505893004884043,0.3808911440354678,0.9168697121595284,6.07539766544844,-4.807581953519083,3.0298552570527697,-2.3541915972745198,-1.4645653292213734,-1.6407408807168276,-0.6516751221564157,-0.2581751380314344,-0.0065075685598377,0.7269384498266214,2.1858802464794467,-2.3502226007374136
98,-1.075429223484722,-0.5070084543993155,-3.276208385018981,0.6533539648797217,3.5917989829256927,0.6992412304294489,0.2757068567048826,-0.2019252933664995,-1.6344527494771734,0.1123533088462658,-2.1943824698200243,0.5101243612500749,-0.2752629019248536,-0.8690982988009673,-1.341202155110493,1.9116156720627724
99,-0.4665805892268824,-0.018275554008636,-0.3339032147449914,1.7717686368903318,-0.3279260071798229,3.706715708566312,-0.820676551092127,-1.5398408280048856,2.0374480478927435,6.315409507737607,1.5994709401137894,-0.6493648196138809,-0.4878204777956034,0.1091531526747777,-0.4681813619854419,0.5034262604105773
100,-1.8723467213171363,1.46096068084369,1.0685781727330403,-2.756986573022488,1.2487183094335983,-1.3672312672261795,1.323209356005986,-2.1702131008336303,-1.2180611907932035,-0.3657720191573411,0.7031425422200039,0.2952325750406031,-1.115745972138737,-0.4963590740590374,0.0490725201928845,-2.395886096774225
101,0.5534919311431257,-1.6751633992525918,-1.9400420013534307,-0.707671858892068,-1.3290327022481443,4.80512929772528,-2.757101833490424,1.5201161322360883,3.146999429161184,7.894603961568164,0.5332073178993125,-0.2382336750556175,1.4032454567851156,-0.5034570310529587,-3.2846898699023117,2.0898534331408536
102,-1.3880601945587792,-1.165526053391694,1.0650855763879634,-2.7288446852416524,2.4140724097944157,-1.1312112879954686,0.3504112958748301,-1.2869552602730812,-0.8283798047074119,-0.5539230094778393,0.1654036602997042,-0.41051848272973,-0.9519299722667488,0.7284381600680131,0.0357534064811672,-1.730374076616455
103,0.3828561880983527,0.7185170254645888,-3.026626022656493,1.2297037016092562,2.579699817052327,1.3254259375715032,-1.1708373747667489,0.2859426674039838,0.2432409401872513,1.251945061071822,-1.3820175686924376,1.8188985322003248,1.070332000709609,-0.2959152284452309,-1.7968315468322946,1.935500401085981
104,0.3109848418946692,-1.8607044245069893,-0.6625745102250503,-2.223342613556964,2.8280555628729545,-1.0790901774990973,-1.8614634269510053,-0.4399309709927952,-0.4072824063497899,-1.3500097444178023,-0.4836171395554367,1.177184963184339,0.9755485413739842,0.3939736896465038,-0.3231993724761712,-1.7588257156831133
105,-3.4638618486280324,0.3093547900863395,-3.737669475490292,-0.8475128567348458,-0.0589335844923002,3.2279696120123864,-1.4505915835983043,-0.1858382279932814,2.423176771758809,3.769263050787393,0.8417807747840127,0.1367466473992306,-1.0188980201129518,-0.6985285929176214,-0.0825042657016853,-0.428444319858527
106,-2.9638412199570165,-0.5701871132471086,-1.2108464446493,-2.3071132334650013,2.9850099172765026,-4.524160240783345,4.568257838704987,-0.5222732568745903,-1.9366955244237047,-5.506081559224532,-1.0512200297825027,-2.304211935943967,-0.4167356134353649,-0.3729975951604675,-0.4245122357695243,-1.901738195982401
107,0.5088232539566253,-2.073208349708633,-1.4702767387271845,0.7956282383867752,8.419969519547307,-5.354841311858995,3.488862637354452,-1.833527050050098,-2.1018490673209205,-5.451994393714632,-2.5317693162508137,-0.3610092232525697,2.209165665191831,1.3195227056155816,2.048754992847213,-0.0784596185837354
108,1.0518435635298855,-3.074743930411667,-0.2513746650098705,0.9212376740022524,2.344576042301931,3.1761267397605666,-2.8146146642545915,-1.7737118809832186,0.785494336500342,5.4575016891545385,-0.227106007780926,2.703027564405084,0.987299370381116,1.816250752006963,0.4573779281914308,0.9700983648413788
109,-2.8532972262113567,-2.7557892967452244,3.554587043554025,1.872911561719817,5.202845276886767,-2.955838168415343,2.094510982705253,-2.03314275850698,-1.181876181184191,-1.8568709193644628,-0.1417575540275386,-0.2306616666397081,-0.1975866128076863,1.738473095543184,2.96953280449073,-2.222345888681304
110,-1.595011515269328,1.3815344261966445,-1.056885499594638,-0.1168116098617657,0.9544785153618875,2.300814685793701,-1.5170636877487609,-0.187806140186285,2.0416589870861244,4.450399617783411,0.1355634164147091,1.103217572053658,0.0414122345409591,-0.7108938000174241,-0.4451081391611767,0.4064338247406959
111,0.4829404382456326,0.4110538298561791,1.5595529683310088,-2.5468988537401085,-1.029602377118412,4.9872705787565215,-3.46317376670328,-0.3120587641412982,1.1884197167063122,4.728699731338676,0.7285186435145362,1.4419424019526008,0.0360845195304064,0.4560742149190457,-2.1074209696628743,0.2734002602415047
112,-3.0597898143789406,-0.2636835122443737,2.175194403828218,-3.864591887415365,1.510005728097506,-2.6570086280961904,1.333586377894135,-0.5552444102005389,-0.2509873849474948,-0.5233245505676605,0.6376058122312086,0.218963915855975,-1.1599661107313823,0.871251481313398,-0.6215589085300464,-3.1979645472085134
113,-0.4520064270841771,0.5582387139383366,-1.324343814810827,2.9647080343289414,4.454552188769617,-0.447210597154003,-1.194036866982804,-2.32949161253359,-0.2604107647871683,0.411660384177845,0.2587698052439216,-0.8418216318681523,0.4502730096548793,0.4869765097735715,2.6788282002045865,-1.1656877174294027
114,-0.9279450609112618,0.9015330269225784,-2.2136835514441406,-1.5359212863188911,-0.6835399461949709,1.7288797317744369,4.786784416783513,-0.0951379193641404,0.8204549694623414,0.3436734896385354,1.1955313880867091,-2.4353123317828884,-0.5191539285374079,-0.2069962596323656,-1.0518429575297403,-1.6354606173858566
115,-1.1057493136034648,0.8019428280473658,-0.0966917760401266,0.8199614240057533,4.742851841081507,1.0247336854028566,0.0287180182013957,-1.579636222626922,-0.2192266548299332,0.8684139061982825,-1.518969780813315,0.6841632086089545,-0.1684007413044805,-0.25503350146809,-0.086015445383789,1.3917048634049527
116,0.044021092878322,0.5523341202126576,-0.9906003776270076,-3.0698569131476985,1.239609287470988,-0.2646400335709908,0.6086857652519896,-0.0371502252429296,-1.3538571801707278,1.1211794086002658,0.5045818144773903,-0.8147560028235481,-0.5379064793178675,0.2430734271842575,-0.9665884419814792,-2.0061754659746525
117,0.5082004930528219,-0.9641400026238618,1.0807545838438322,1.5739595497592205,-1.9740280097246523,5.907396367031881,-3.687021604615791,0.6909629261534527,3.4366374114430256,8.081263617319873,0.6265383633369425,0.1761504518876921,0.4225863024327698,0.925161680170055,-2.4780871694801587,2.3925589315244604
118,0.5182765111152863,1.1848528103705096,-3.821804547527864,-0.8869716793905142,2.505189903684614,-2.5670421223210367,1.2806948389061634,-1.266123022008274,-0.4885000311504905,0.0649621479294118,-1.2395622860802396,-1.249820339589364,0.3072847872369097,-0.9867085474178778,-0.9029725881102564,-0.0177813701721024
119,-2.099427663141507,0.0150515830103007,0.634377336567443,3.2663128993799635,1.7741213674886118,3.3725715644403307,-2.543034603569656,-0.7584692202454649,0.0898894271334773,1.7322625708690589,-1.5028706086823893,-0.2652375404702022,-0.1255188608329467,-0.145452856081759,-1.2264696697643087,2.8115140737451814
120,-0.2679845114240595,-1.802444293166019,0.1153042554191785,3.22362972978381,6.577615655498075,1.3805379774995312,-0.8741371688448275,-2.353756647353449,-0.5348073474817094,1.0104783866320233,-0.7459421264756013,0.0337190549010532,-0.1044383959179759,0.4062873666315413,1.8849890843698904,0.4811587480394261
121,0.4602440701272108,-2.430621058813412,1.5544791876464736,-0.0143844284973395,3.4872569115613308,-1.379101355683286,-0.4943632121261996,-1.208347339150072,-0.0999356883535671,3.2399469424519807,-0.6615414425152919,0.2685935810442978,1.170220249258421,0.5033732779072556,-0.2426286373826404,-0.1495985224748655
122,0.2389501997829559,-0.4430822853019062,-2.6692060781377784,3.500802856108347,2.4331902414245645,7.5699300098472735,-2.8893941914671863,-1.5896918423917827,2.920548256015297,8.021285141013248,0.7534194635024307,-1.1148221873524142,0.8991728254044714,-0.1922410400124732,0.2452074354390351,2.564049238293511
123,-4.17703839456865,-0.2678922688503429,2.9682204100204785,-6.710862134883242,1.9041235841770967,-4.369650057983458,0.5808967689750971,0.2167553487387741,-3.9931039770749104,-6.07776055439597,-0.6145387836910949,1.1969109487613523,-1.9770630756861345,1.1046615278808,-1.8983433904608715,-4.089291535930296
124,-1.4678593075670625,0.4881801900402442,0.0342106882147819,-4.736208399182114,2.658932009552286,-7.013674308351757,3.219688338709684,-1.945424495228692,-4.118336664572852,-6.582294848548557,-0.856348518281204,-0.5968947847319713,-1.7848019424050543,0.8710518857782709,-0.0717954952664063,-4.810051495078673
125,-0.9862713525885493,0.0874793029368663,-0.8022027234506688,4.143637102124275,3.9283178941164216,3.972314677726131,-1.0775974300592166,-0.6006267881002386,0.2070463361860257,5.760770444353041,-0.6116337366945591,-1.6744694604532453,0.2168856666235941,-0.5895611797815626,0.6066758800725218,3.037494945843741
126,-0.4250030636513082,-2.278938459516659,-0.9704549614938788,0.3580414198897961,0.9519730758810474,2.464522538092249,-2.5550676047962018,-0.6833278978867423,1.9085408262942145,3.5716519407587537,1.1186323341542117,-0.1090234199634638,-1.0171332923192338,0.9545375813881496,0.1496244239536159,-0.1099270858303875
127,-2.658755672985941,0.5606853229492345,2.082930509981541,2.060435365184934,2.152012387860021,2.300804689273443,-2.552600692152237,-0.767613716769209,0.107955570546659,4.602424225830529,0.0130433743769521,0.03437530902646,-0.728298457235005,0.8780666248082731,0.8012070732658874,0.943745423178058
128,-2.1155664464244808,0.48043910981488,0.0995101593252976,-3.6322777281032894,1.3683623041139727,0.2612909097333113,2.3505997502782865,0.1528410984287294,-1.5042848872815044,-1.896342081918505,-0.1792510253569118,0.1605894331717597,-0.5749253718320942,0.1988000707198322,-1.1136117012609033,-2.3435729492283244
129,-1.722691591305164,-2.4434592682387817,0.7826226538018488,-0.1468971990126641,5.616469976874031,-1.960724805954965,-1.8512918174617905,-0.8981730380986137,-1.6524214541906916,1.733355074724356,-0.1100054987010514,1.3621324036850793,0.5144454615344237,1.6221627026095375,0.5737334720381333,-1.677165996089692
130,-3.3033625203499097,-1.1114147782688888,0.236674600747281,2.7415020829907992,0.2671886035479646,7.5365241733124035,-1.4164910857216486,-0.7948099262588583,3.1419398958535703,6.684643099861971,1.292060334326523,-0.2364488367358593,-0.0950272955809697,0.5527504761498128,-0.3403676257729521,1.7083450838351055
131,-1.079870583169975,-0.6027079768873113,0.7187383193150403,1.907074386609608,1.9198268087653096,2.244520174806313,-1.2497835545201386,-0.6671596520233072,1.1173504005196402,3.5787372347756814,-0.7491717266032418,-0.1196196243687713,0.1075220111047646,-0.6798680118337664,-1.3687447857241466,2.1577321952584088
132,1.2599419198880155,0.4482457153819822,-1.8513297451491129,5.719559766318511,1.1053128053475256,7.971627812437345,-2.831901510250902,-0.9933530132201746,4.70286313415334,9.980851753889578,1.315508290940104,-1.1031843812330937,1.421310514255631,-1.1350986145716082,1.4567106735528983,3.248257792021258
133,2.067389440049313,-1.2214793081411262,-1.3760894183002748,5.80650011894669,5.593790363124004,7.972291996925097,-2.484883923761268,-2.582837343794166,4.007870871244943,9.715242372596874,0.2104962989215036,0.820553502887897,2.3769500584284198,-0.3588169706557017,1.5544699201044438,3.1766409581464634
134,-0.432456100537587,-0.6774043617494504,-0.1419855587785031,4.7450612108856856,5.373478962609259,5.292142762409881,-2.4675181641229336,-1.9452454747522063,2.3019118013152235,5.642374130290749,-0.1604193819753477,0.1843090640781034,1.5971155110996724,0.9327091833695264,1.8155591945011424,2.504731044198829
135,2.446047327492601,-1.2354507417366478,-1.921758433074419,4.8244478297897055,-2.989063587097843,9.237942598987503,-4.268486555394093,-1.0735835849545972,5.711274776434385,9.516152652427252,2.500900497934281,-0.4200277272941625,1.7694326620906375,-0.5063008528521086,0.3289938807746789,2.5470343290717308
136,-3.300133759196102,-0.1707393388905663,1.115098312103831,0.6017364863423187,4.774616304044706,0.2780518414789397,5.130500215985341,-1.5987860121816706,-1.687971418513149,-3.860806760839833,-1.0556394897985963,-1.904674693465464,-1.1047356930463137,1.049925532441936,1.0891275848866049,-0.4871548115456898
137,-2.764837169068657,-2.6718610553093662,1.1902212683604334,-1.2774543040156976,1.5794339141836171,-2.1561739448514103,-0.5674553014032044,0.1633901087799305,-1.4790536534450056,0.203654154198662,-0.353685759567006,1.4444121950550874,-0.6136171202249288,1.4339859987167327,-0.8104940000870579,-1.7765359492790118
138,-2.8581946952113446,-1.4212411468629431,1.059475753298151,-2.793189509935697,4.9016013926834345,-9.695620969150513,2.648233122716084,-1.6793539634938035,-5.100320303668761,-10.199088989330855,-1.2324312391640002,-1.2276799644560572,-1.3588406618947706,1.4074159901087815,0.9919439202807236,-5.3943298369372
139,1.9383952380028595,-1.7233596280883536,-0.4602093899698608,1.0143853869305586,1.4521684978681466,3.117708430006644,-0.3123959928680728,-2.658220776480204,2.496017768416888,2.435835641174436,0.9524619705361694,-0.5912780093697056,1.361605042181847,0.1607122323433291,-0.1371127151282598,-0.2700937696205781
140,-1.763305598348778,-1.8397293580954868,0.4687455643239306,1.0892398718046068,0.5682148043276403,4.210377962544739,-2.2316880953519327,-2.0341567090959733,2.1652943474646382,4.735580184041119,1.689188933651679,0.3583445110760032,0.4623742404982803,1.1672339620161485,1.3205147284644765,-1.376776517625795
141,-0.6905629899134005,-1.480995336009765,0.595720112385093,-1.3543391233420916,-2.5806975807500496,7.216759382793943,-2.11409577695327,-0.9194056673740282,2.9571373302889943,6.2556729344251485,1.669922781404639,-1.1965579286166863,-0.0305631439462549,-0.5803761604890302,-1.992278632414559,0.4425295143740373
142,-2.0135241018292582,-0.0836309754107519,-0.5069024065592481,-1.8182216322577929,-3.61063573712992,5.41789028564508,-2.3709046609246545,0.9833265220851952,1.9290741029839469,3.224302722778352,1.2239487531460047,-1.4935097782531437,0.0438987376232592,1.0299855071173918,-3.0435436173523045,0.6093934276550965
143,0.6823336530001829,-2.2182203832643803,-0.4024369657252611,4.184456406602577,5.156869685812702,6.197904134532974,2.227857286175153,-1.6237130697155044,1.0313234161204523,3.740919607313253,-0.1976204677959656,-2.123947582700665,0.3942206038299617,0.4165880207417505,1.1680278109239195,1.9299379533013976
144,-0.2318880530573048,-2.8521280953542405,1.2026059419411264,0.4893400466743653,3.8565676182297137,0.9382518021915393,0.6391025851509907,0.6223248466339575,0.055761677910217,2.224141509500341,-0.3652409774898465,0.7209969529056358,0.5656236167368893,1.108518776620477,-0.1232398366178262,-0.4487801626903518
145,-0.5008412158839011,2.309949095148164,-1.195527797723092,2.9548756482974508,4.71306862389854,-1.1263948161267765,-0.85689466419324,-1.2556757709473607,-0.8903854853692466,0.2643001963611795,-1.671169772494065,-0.5451862447263219,0.5893307368441245,-0.7461891698129186,0.7286707640145709,1.453521070831035
146,-3.423862718808742,0.0066385565805205,-0.1789300493338577,-3.859887342518804,-1.2844303618166075,0.9401557511737864,-3.259142405156996,-0.0646938873150686,-0.4144286892997058,2.9447797392356683,2.0358735351817927,2.92727009247333,-2.404812543691167,1.5653700988381154,-1.1445997212283274,-3.847523490306498
147,0.5524539510685342,-1.761491797891218,0.0416600374126483,3.719883497111491,3.8471410124572927,3.767796078461621,1.2746822528732205,-2.465194948874495,2.3779985138005406,2.9688011048022496,0.4689780781484677,-0.9943550656308734,1.372144185953048,0.8426616245167342,2.473784503518015,1.3107559399647624
148,-0.5497495918269024,-2.413898306086136,0.8233817435170012,3.3921848878504512,2.9334091538525926,7.063600835414464,1.1453322735357556,-0.1442852289262961,2.60641658302372,3.231060086123305,-0.491956904869483,-0.9214510234289212,1.6090310143765754,0.1207928005235544,0.4873996402039673,3.037599810417172
149,0.1877799551251902,-2.966683876905716,2.6204221577340348,-0.9764708947648222,-2.256059675898092,8.6292293572004,-1.2858948038064413,0.0309037362138582,2.367965829833907,6.962078500765213,1.3280568889869675,-0.5653929702854015,0.2792482954354585,0.9806777646875136,-2.7676245628673084,1.8114674251332432
150,-2.28783946260452,-0.4722159836547386,1.939686746099849,-2.441445782968181,3.875506910502668,-2.842194703476574,0.5633236386695452,-0.6551899156074157,-1.3276655470041665,-2.4018683862742343,-0.9727645167600008,0.2431346551384891,-0.5549072661825665,0.2071180039331436,-0.9410565688804768,-1.204576685961409
151,-1.3680321449815542,1.3022210171684216,-1.3643473687667411,-0.4604566461250617,0.3201250378877781,4.996535297996942,-1.4637858006193012,-1.6692786467669678,1.2561238591929036,5.996829382592897,0.406622034222674,-0.4702033387853113,-0.9276523148097228,-1.019516848205651,-1.7893349197981747,1.535614340571893
152,-0.3735064399324346,-0.4062670795092442,-3.814497277536285,4.8251316939016125,5.659695284715488,6.931515732512583,-2.666003503883968,-1.852311585070322,3.480464726982878,7.948638556957539,-0.1726291342908346,0.612332214002512,1.4924426004667442,-0.6607428010385862,0.6576909174745951,4.35658938947504
153,-0.5683700664403284,0.4666255997694428,-1.2867170986790142,2.1304899296879354,3.0522761204937963,4.455249179088764,-1.0584086912184625,-2.323274026608204,2.737518273061694,3.8581913223355087,0.638677139880301,-0.9785883899886544,0.2683821736526305,-0.3872968785811864,1.2322001105837623,0.5135535709447715
154,-2.530136868612713,-0.9444061124789098,-0.7019127450767731,1.5404995932676182,2.8242956384854283,1.0242982391709852,0.0676030770122817,-1.6458490790473597,-1.0806922039898303,2.8018347179047387,-0.0635735391861214,-1.381591718463581,-0.5234095902087554,0.6232730495458829,0.5310624707423757,0.2529687331410977
155,-1.7985605706761707,-1.2805727001997351,0.791241792716654,-1.8867488771451275,4.684016098020923,-4.351461275430097,4.238494721562094,-1.15433892122779,-3.1799354670776685,-5.22674067077605,-1.4509278911112242,-1.7982147394091077,-1.044266938818085,0.4626850879644714,0.0227206319567847,-2.1882959674774707
156,-2.1500624861700715,-0.9595797432269996,0.5716287990830837,-2.235652440473884,2.446973259645182,-1.8901098529454787,2.09981864237015,-0.2320882087997909,-0.1303986752322921,-2.418370001971407,0.0755763726700378,-2.2235741679371968,-0.0214783829487784,0.7401530520840727,-0.8939984892944625,-2.5246649653154574
157,-1.1739900759174402,0.8917880360533817,-2.1769555972551755,8.765965908154145,5.219536940206435,10.504553065786387,-2.158245234077139,-4.318124955599234,3.992281017399566,9.787020034467965,1.048864141875362,-0.5180690194750568,-0.1729132906726896,-0.5526352052863641,4.097684765606375,3.856364721935287
158,-0.3023528364668839,-0.0831191513881272,-0.9080228061321584,7.293719405182326,3.5771686252164248,7.40119873385126,-3.2750051444321358,-1.1584780401003596,3.9661380995269377,9.022907938250874,-0.0292164058539852,-0.3009803123932219,1.4811074845208367,0.0806331206031065,0.0332538475022495,4.61352426980204
159,-1.260374916531645,-0.4269604223978985,1.4855988194018763,2.3875363456563163,1.1700305997281082,8.049385334511923,-1.2535023570209225,-0.6283271614629833,3.3774422963973394,7.5888889487701245,0.775115121589086,-0.6314370274831833,0.0694121600802783,0.8457365782932408,-0.5169781738591899,2.6905591361537406
160,-2.028082679560909,-1.571326877454934,-0.1477560354339475,-3.635422257964942,5.010176401955009,-6.780382444400611,3.2066200249856034,-0.7975877570311694,-4.039417636283163,-5.105109222623117,-1.0455294856740531,1.243405797187162,-1.2258944881829694,0.811399054261777,1.270989334718748,-4.812710565114819
161,-1.1125833753698129,-2.8054308953058933,0.0174839899420908,4.952827314514138,3.894887730726029,3.0452683421647526,-3.386960736918141,-0.6153643052458867,0.5522823097948989,4.5199474483797015,-0.0262607932698521,1.228030209608135,0.0842380741261604,0.3224801368383368,-0.0874559688678128,1.751499682366401
162,-1.9924068683074,-1.8671095053511075,-1.2632446578329262,-2.7456748643834685,1.9928644897955243,-3.6509572999936406,4.194881598382265,-0.1975128888146476,-3.5354077833814825,-4.470596731744696,-0.6245104550885774,-0.3348029874445019,-1.4233256922722752,0.3366339687065305,-0.4554705320690072,-3.141142050860477
163,-1.5461582289195648,0.8996476265400558,-3.49074832913256,-0.7294868627906943,1.477372979525704,2.978198765499914,-0.1697215848343527,-0.8913070408214068,1.3391532828173502,2.397126826842058,0.7469808401047098,-1.793921113191963,-0.3799206938502363,-1.075681425153945,-0.1145688784621249,-0.91987356320162
164,0.4648303669245761,-1.755920208592472,-0.2422985212389173,-3.3194275149119257,2.158545917230436,-2.590210191890474,1.2868235936391543,-1.5602891893020732,-0.3927886813001604,0.2309132539995761,0.0314915622619957,-0.5667051080550528,1.6814351565604566,0.6864923108461267,0.1271548783212625,-2.1602791846171856
165,-2.192925352057898,-2.6872759657919,1.9983984532519967,-4.340148466187596,-3.109274693581344,0.1156646421968295,0.41704791468454,1.643018857358179,1.884828450636154,1.9941201016376269,0.6900736763366125,-0.5998213939170615,0.5381192940718927,1.518842796383515,-3.653102552139884,-1.4560540455080682
166,0.2710439685844084,-0.0667240967444532,-2.1442018693119174,4.691041370726658,-0.1150116264093328,12.581153789380917,-3.201459524529449,0.6923599536548055,5.902338923626893,10.381971227317148,1.087710426157866,-0.657134962278058,1.3189419982670842,-0.2297153807576203,-0.8549392008987495,5.613859792084378
167,-1.5545307503251908,-0.9866380988054042,-0.7925314870803309,-2.8043586823934024,-0.405928636698742,0.6104172752741952,-0.0009397520917029,-1.0213146913215674,0.1911158179238723,1.0850585823657912,0.6916185751213884,-0.6977189038982449,-0.8912364353736754,0.1713282696226245,-0.0219930661637664,-1.914776417426248
168,-0.7705445742046322,-2.410879347019751,-1.3976231659934717,2.690732386227609,4.0640785565490525,2.9474861364387674,0.2134576305527494,-1.886833439939108,0.0675380897851906,0.9105674751739348,0.2731184342936442,-0.6534628957248072,0.7587467534565391,0.5137205237798419,1.3038837408510555,0.5172842496431023
169,-1.100117948466363,0.256756852819215,-1.4396448294163402,-1.2116478329372589,1.6432914563627492,0.5327825428001839,0.9836445507816732,0.2700406349894189,-0.9693467228640632,-1.6836997370881643,-0.9982122585114052,-0.3865416158977597,0.2385861433360076,-1.0465821760076783,-1.814421926399536,0.3826420090455034
170,0.8113069039054146,-0.2672597324662584,-3.043559004465806,2.51393473997937,0.8317064667917532,4.738584956954515,-3.2432546567931992,-1.0782612142451584,2.752154236029648,6.372087483026805,-0.0027861106669012,-0.6355410988155566,1.438954509479765,-0.6742228611749945,-1.3729653225936618,3.308313575252134
171,-3.1183718553026507,-0.8071043746182598,-0.5735137657880908,-2.8676619556457643,0.3683156697830332,-2.3976489534615304,0.7071345378846217,0.3089866120954472,-1.1660299393968054,0.2148906849750038,-0.5330904020158331,0.2083225086255921,-0.5362926484825453,0.6126381105981028,-2.054385860793332,-0.9373413551697336
172,-0.2517045768089967,0.6978871243495143,-1.4480160914593316,0.3961339550881058,2.332471556335281,1.9698257890894864,-0.7557247682603253,-1.7772040571405077,-0.3839026468696916,3.2944566448019543,-0.3440639567042265,0.3603687159048611,-0.1816528950277705,-0.9272209980486268,-0.3073144147586387,1.2145721389301904
173,-0.9847545528356956,-1.9217541367475584,0.2687092066548614,0.7972606853932498,2.0116918164436925,-0.3589692068767915,0.8734398307987834,0.1902947642023507,0.0855676756248283,-0.8732347746524541,-0.3745341507502508,-0.9106450871824898,0.414908335126947,-0.0450066192299097,-0.3436376423086626,-0.3845518856942365
174,-1.9421370482102147,-1.826138634961445,1.8175678270988755,2.476090813761522,9.257125772099617,-3.4705796815323744,0.1578281455551065,-3.011698144885923,-2.7839504130153445,-2.975731592543132,-0.9799255747822444,1.2710653260070337,-1.5810556905800706,0.7307018153439554,3.156082487155649,-1.9656638876346304
175,-1.623765297342318,-0.3346896150062853,-0.036616799524059,2.2174602054166286,8.222349422568373,-2.0805844382349665,2.358937985192866,-1.2332902266706782,-0.91642037509897,-1.9036161150220123,-1.9573385891339896,-0.9800623018406142,-0.4327516132921393,-0.9634024774585924,2.361636643869513,0.8607560507092824
176,-3.555648460474276,-1.432819294194592,1.7190662388840288,2.342461508331207,7.91244890260001,-3.618757177081746,2.2545693957465875,-2.754556541261332,-1.8238480243707755,-3.925864512080356,-0.6681430483277668,-1.6178006138153371,-1.8756183426449529,1.4971618552899566,3.800089364759497,-2.150177031509489
177,-0.0298257213228037,-0.7685339381086881,-2.717219473105827,0.1152887525500674,1.34631410443503,-0.356105649174361,-1.0619072827874585,-1.1183743829018244,0.6765608381895957,3.75172852614445,0.193379451924159,0.3807780713650517,0.0231267075197824,-1.057059024219598,-0.784171819379995,-0.491032251352436
178,-0.6421691915942642,0.488399166661485,-4.122605305202921,-1.721037452722724,4.120200389778576,-0.9985365764185984,1.750905699076099,-0.5759844285887115,-1.8735899326777528,-1.4368504687600332,-1.3481770454274902,-0.8174081344143398,-0.0337348167791871,-1.738479142890729,-0.222193698675512,0.066978637365026
179,-0.9048967155883756,-2.357235952642826,-0.6606657002019093,4.481174954940252,4.838892385550877,2.470974295044809,-0.2841995793834196,-2.6727617776825747,1.0910687664413998,2.9658091593122053,0.0156822364716243,0.321291470757388,-0.6907350004477323,0.4045804222247988,2.5254486775085647,0.2239542580456563
180,-1.6425275124645131,-1.2306625045206052,1.2537218911770127,-1.3349908675664637,0.5759856924917166,1.5143667327443238,1.6050556894071604,-0.4922810350569827,1.3669143976230114,0.6563354258953882,1.9002684243109649,-2.4036686011005304,-0.3068591274756069,0.0057097465525454,-0.4788304686712669,-2.8901597472952165
181,-1.0318171979457862,-0.8581169333363885,-0.0281511405381013,0.217354139751726,-1.149159918134697,3.1683597723552994,-2.31197932509838,0.5027836283965961,3.162831603235696,5.476268511203844,1.0230565552522393,1.3924559414830675,0.1088220924807354,-0.4425585132420508,-1.334851953366639,0.8811310052902155
182,-2.29903162478617,-1.9455553653799016,-0.1286454921965721,-2.398053949942765,-4.201177437925098,4.855750051333273,-1.8059325496202037,1.2680321183499033,1.4672340099166996,5.347179496873475,1.6435415091205292,0.6722934080404022,-0.9511973663602316,0.3739907230711176,-2.695644163973584,-1.378455848012542
183,-1.572859463631276,-0.2349729622158322,1.4558597889318716,-4.879323339582644,-0.8504230226781109,-3.3875523077989467,4.9221993399744814,-0.2850313500946339,-1.4333501003754714,-4.920457812298619,0.3911278769327262,-1.5004765491630017,-0.8390459654135994,0.7692463776027991,-2.137957501680522,-4.423014556265295
184,1.5635211379742222,-2.5541491156647598,-2.801636050711625,6.836704400112873,-1.5891426083821016,14.85993686007521,-2.2667793973125856,0.2281047885968292,7.076161602191282,12.50056267270913,1.167509822986446,-1.4787771238462857,1.8523771787205587,-0.8815956007499147,-1.5578314919114358,7.167002393921658
185,-1.9897352767452896,-0.9207069799269882,2.898077288291477,-0.2916578959703549,4.158356673454067,-2.1641252591375864,-1.0477074389247751,-1.5798609374145038,-1.4094017293712655,-0.8745279169518039,-0.7239647304677874,1.6722659040975276,-0.408901279266683,1.091755541813464,1.0455108824572428,-1.6700623658500922
186,0.0912058119332888,-0.6395818310644159,-0.3781852194597304,-0.7621393077298275,2.055372418352716,-1.286163002285644,3.147905111532164,-0.1064321408208549,-0.719486733227493,-0.6994732183218142,-0.6443402670219842,-0.7373799034979586,0.8463676216934228,0.4759751496980439,-1.100672568160015,-0.3514402144592504
187,-1.6111650401260182,0.769393547828693,-0.7716404179565282,1.484388120214339,6.634443235529674,-2.516173031960545,0.6618373387326427,-0.2434645503008418,-1.8070108850349,-1.9320431460857004,-2.7391402061374728,-0.8341848487326238,-0.7106628304383291,-0.8640296648408012,-0.4338724072845858,1.4630965648234504
188,-2.3432406475333387,-1.4731300366100673,2.159681834930528,3.0231040336425927,1.082380476880867,7.195272535387699,2.310615311937433,-1.485695991314146,2.319953233089479,3.198318321471388,1.186145474042299,-2.2660520941492828,0.483695049332411,-0.2447804588431189,0.6792861426119865,1.0995955243704063
189,-0.1648970631930454,-0.456895175520446,-2.623083418218456,0.1348622143557065,2.079253277694442,0.615744598729292,-1.2031394101440591,-2.949569054979728,2.0809638195872413,3.6509273881143,1.540323979819886,-0.3507782056015541,0.8738128156277322,0.2705422925327447,2.3536336452769144,-1.3044966732532226
190,-1.7970802887508333,0.3575642518225306,0.0792994430929127,-0.9828695322942722,3.908775285379634,-1.251212324841272,-0.1883062914520631,-1.7094973526835957,-0.2252831201365248,2.0145230077361864,-0.55317724534727,-0.2277196148357528,-1.2363275836386798,0.0982760610724989,1.04939063907333,-0.1881566586251697
191,-0.872803279660622,-1.3011654424944656,-1.13848238781984,0.6235392777928306,2.2552244325973003,2.504701138224263,-2.5903601903001614,-0.6064614514725367,0.5541030847390116,3.0809816744336582,-0.2539517063972351,0.7154930967694852,0.6806965974837479,0.6827107719619333,-0.4883542976613974,1.0174724599908471
192,0.5970608082221327,1.1843869002543077,-4.947177634518761,6.035687559454289,3.697859023260695,9.108466004928149,-3.0447727963281945,-3.0280050257483344,3.708458172090056,7.530012333952588,-0.7538621136909615,-1.3990784281844757,1.9295174823127756,-1.7381593340904415,1.3160775267432332,4.974735205025855
193,-0.903011125797609,-3.4161660408728123,-0.8404912670902429,-4.656856538352532,-2.7755986560296275,-0.8346161248046748,1.6361927633026585,-0.4239457567099399,-0.8977053376176527,-4.122919862200236,0.3826535514774916,-1.5202867922406096,-0.6507824078920378,0.5931545488250926,-3.133055646352175,-2.58399839915536
194,-1.1857577755801316,-1.2700734283067014,-1.336410546235703,0.9438261322379208,1.5989740236196848,3.758902925068965,0.0935714881728913,-1.0111884092147827,2.017304629266885,2.2741129811796945,1.1249325453032408,0.4509626347764768,0.2287684892173027,0.9286599958902012,0.1345660921911414,-0.5481227475888776
195,0.0442976771729803,-1.8514495965847928,0.6343662865501534,1.3843374089748348,4.962730001380122,-3.74928536620436,0.6988525227253429,-1.8143812532569945,-1.8948595355912,-1.6403767726141574,-1.742771973881041,1.0067300712270648,0.9322734257047536,1.1126455826562542,0.2215386834738533,-0.2914339222775909
196,-0.868704388377665,0.5349060165833296,-2.831047619320753,0.0314355472795351,-3.02320514084402,6.471384941313696,0.2990052709578608,1.0587432628450415,2.1166960301201527,3.7013015715321833,0.4094385306422523,-1.571152351117883,0.7303418517276109,-1.02333618085498,-3.230469543061578,2.473798924523152
197,-1.3077176783164042,-0.9686398930406506,-1.4759112495378814,3.1457832611018146,2.7566570578377005,5.17078403294862,-4.03153738690337,-1.7226917326468791,1.596297345233923,7.954822371261216,-0.2766717717191454,1.0815140862997412,-0.3407576533602613,0.473774754802198,0.3645415678984852,2.591555027262589
198,-2.036377130732234,-4.094871660496316,3.591682687499893,-1.988396289189762,4.269506383635699,-3.389973144139992,0.7726887858967908,-1.4490959435976956,-2.5424601769067463,-2.5536786322822405,0.1133943919666893,0.0375418414868214,-0.7834954906846245,2.135740816702928,1.007871056630017,-4.294974806324919
199,-1.886263935999399,0.3136892056607192,-1.299640156796768,-0.2062762472398398,1.788552399817957,1.828678053908153,-0.245302777814814,-0.7053410427268139,-0.0517800497326539,3.800931297629095,0.4589940016742909,1.0918053390746456,0.0509093490863565,-0.6133875776671408,-1.269142508465723,-0.0783633374721957
200,-2.25477424632638,1.572782348269146,0.7302583437845174,-1.1441755879162487,3.18452449575656,-2.092473317834012,0.3076826631295711,-0.0999910140198686,-0.2967263844911955,-1.411836088562919,-0.1882024387728211,-0.0702203615176165,-1.3979458301970844,-0.6532038421406411,-0.2086842204137704,-1.2003434392208363
201,-0.2824111341930488,-3.7501407874253534,1.916804354754099,3.4177425135416035,4.046236430814861,6.832464958601783,-0.7748440447787122,-0.9958925004492806,2.008449598171601,5.213115036464175,-0.1035868534057806,-2.5222779174879504,1.0961696533924916,1.3629932508586484,0.5212319208577766,2.5718924483805443
202,-2.6857181465614923,-0.8388187153778834,1.503725654287038,0.7593018232570519,5.431890219571792,-0.5084389666676781,0.6319995200710515,-1.263264477362393,-0.9265503663813022,-0.4568334993790413,-0.2138751675546389,-0.1519673823160388,-0.6946884212736794,0.8067731128913933,1.765389531179265,-0.7697785932186144
203,-1.1050899772050673,1.5924510858184546,-0.622766548258813,1.5486148950127483,0.0409913962272397,5.946094238742963,-3.5304748565710917,-1.7495286898844695,1.4223585632351736,8.534598106424578,0.9703162017882814,1.06014381867127,0.2866807694505321,-1.02416522531995,-0.8668229321685811,1.727765876624432
204,-3.2076623987376927,-0.0261332141476841,-0.4196897434017325,2.033037795972762,0.7445263670766649,3.696849941654967,1.503193863111656,-0.5896851346677867,1.9590091873775373,3.068815524124224,0.4187599601274965,-0.8937460190837143,0.0841160988108466,-0.215205719460231,0.2877794441637308,0.7869543487001484
205,-1.235350771968116,-2.0693211447432933,0.3971978051855103,0.0626610488786023,1.1536865179012614,3.205019494068688,0.5842853494055418,0.7686841857768507,0.6058869652589497,3.2865649204684564,0.2205835377373607,-0.3879649689074522,0.0114407291061696,0.8671171660256958,-1.555949894392899,0.5812394493159683
206,1.0522138082284942,-3.112963360378854,-1.094679397604104,-0.222955176540375,2.0811792256252124,0.7733029396728316,0.5512804393479505,-0.0254677313751994,-0.4556500076618051,1.3710253203651994,-1.2709517210922827,-0.1761335035509783,1.442451004026859,0.3259517121570561,-1.7214611521772216,1.4430107760183608
207,-2.139182702372122,0.2264738699743614,-1.3636968020750428,0.5076663788875007,4.290078873274921,-1.570958459327458,2.8399351953232133,0.4826453411862321,-0.9542742222114312,-1.767840297204094,-0.3785797432131542,-2.899513879868482,-1.4928028044488184,-0.9484321860762424,0.5439429945209584,-0.5058897957447723
208,-1.6564859988369414,-0.7967925826400021,-0.8809451929795125,-0.4586964771139619,-1.1873930877501289,1.2699155632366774,-2.504500458431504,0.1319114170122985,1.052741051465962,3.654027775961637,0.8986691603391742,1.6713475754374765,-0.8982402446302735,0.1444600995752526,-1.5586657534090935,-1.6089436881346608
209,-1.025900263057304,-3.009359559962047,0.6508521255221227,2.373532534238734,-0.4093933840676678,3.500019813440738,0.2622526213815088,-0.1583345287991957,2.6101844737036632,2.694931586195747,0.0376965731239229,-0.9013756798971744,0.4570672449615781,0.1062706511374541,-0.6938289879668957,1.5819693425386414
210,-1.0248598460585443,-1.2360886792290082,-2.149484618350294,1.9241441536224988,0.4872502577294596,5.756220045745791,-3.88996428343188,-0.8980201170821148,2.0642381086128414,7.5164460028369025,0.6595314695891383,0.505735432472799,0.5686240215760747,-0.3743729833628906,-0.8505289841836938,1.6809788810527673
211,0.2552035799880043,-1.8040479845833883,-0.8294837864017285,6.475454610237127,-0.2582827908288385,11.379932479556253,-4.833125832729552,-1.1086792927328335,4.704438805627445,12.261882319141389,1.7665118003276337,-0.0867011361482087,0.8449592978762306,-0.7256464347505608,-0.1994678381893407,4.2169856018702685
212,-1.1271705447880815,0.8947315696946657,-0.4465903901156151,1.493456067305848,1.9611610127500516,-1.5084643823235282,-0.5814125426498642,-2.7947457880100908,-0.7330034813631443,2.911870250214037,1.0386060692088166,1.25761905635936,-0.5048503419397365,-0.0996605912943958,0.8718579770705546,-1.7076733773779236
213,-1.2197763005520783,-1.023155471429432,-0.8969452458854841,7.5841122224466755,3.348502244158486,6.324558179977317,-3.0656996508845467,-0.5235449682803035,2.6588856364511284,11.8667731774951,0.0931583376997423,0.4060561224280809,0.842374090516815,0.6167793104791939,1.2691928226791132,4.53313010611677
214,-3.2585443437670065,0.2915713488333257,-0.5523987642704209,-2.949133141778607,2.447951172650823,-4.415740246162452,2.031500487383525,-0.4562282576251002,-2.0021920566941165,-1.2287720940909512,-0.5109891701957271,-0.2349242715209746,-0.8882744124124455,0.2202738002470258,-1.4431579215283796,-2.097182966767344
215,-1.2425224649810067,-1.3173440712271214,0.3653834988604862,-2.7151725761234338,6.713554618150538,-6.663304125182079,4.613454407338068,-0.3215023793926516,-4.058832463753387,-8.481300751628225,-2.5535495960558983,-0.8935150925192802,-1.0570085337425124,0.2671427377337128,0.5207359102936386,-2.590751640473581
216,0.7601024920505708,0.2621923025787708,-1.9535923209160493,5.001251571803988,3.062997941169341,7.394137656573422,-2.880398422777317,-0.4136061436560811,2.6183660211919904,6.559295842986649,-0.1683849224728525,0.7978507013821389,1.4047416109879105,-1.57846171306214,0.6712365065688872,3.566280510172603
217,-2.12772463476546,-2.477479654523635,-0.1268023545585372,-4.16096357197844,0.1816354526401553,-4.452561958615979,2.121959935991594,-0.8226811931788245,-2.270303782432153,-2.503324660258795,-0.3260124958168491,-1.8734413039546167,-0.9790904771367932,1.3780009703031002,-1.1086426981108997,-3.033477913590413
218,-2.015275398165553,-0.0369857699578924,1.9604613328544995,-3.5468703300368394,2.106707352294088,-3.5381771291602364,-0.5486712036438248,-2.055737591506446,-2.1819758477032627,-2.2566204505989464,0.3903661943953757,0.6458904202758925,-1.1246512169730176,0.8827055802986874,1.4823345667873706,-5.26626192273196
219,-2.273660288535271,1.7304855170626423,-4.464727021143115,2.6618068780226283,5.229270698214536,4.422746939837883,-0.3769250417424861,-2.5621918647487405,2.3161222468713354,2.845372374696606,-0.1539052269746876,-1.0990447515548727,0.0830952598708522,-2.3923069812641984,1.4997196912715007,1.5344563869775412
220,-4.984634619868958,0.9747916742195784,-0.2081026892191615,-5.649293569742181,0.1442270060063398,-5.714132709472042,-0.3080845015017146,-0.0790290404679723,-3.599530908955109,-3.449627636364064,-0.3203850594367943,1.25228366195664,-2.567972962285604,0.2505614121683407,-1.7218161283172724,-3.882982026531883
221,-1.639499136767721,0.5856829599437895,0.4143378762405956,-4.853056007136136,3.346970626488143,-6.527230361449445,0.790148034775997,-0.1138021240524779,-3.481984437879675,-5.484062830214658,-1.7793989305072206,0.1612995426626951,-1.4289745162840743,-0.1242921308237359,-1.306942708133055,-2.802159473455688
222,-0.8687883808286777,-1.4295997017714113,1.1915509281226229,-2.1128534476875083,3.843930959538048,-4.286743335725342,1.290127709016533,-0.226502307749753,-2.5714877183630143,-3.306564709244411,-0.9399678291500664,0.6441237678501087,-0.6840026635537669,0.2361316407083635,0.4140590992044041,-2.3933165992277567
223,0.4479543672239232,-0.515856589179908,-1.302903679049823,0.9634809520824574,-1.2099277173832392,9.809465785421184,-4.07150507500093,0.850203104594963,4.468888350523057,8.483593769823493,0.4766510408005575,0.0819888138247193,2.057754075270401,-0.6512916671302305,-2.604721457322204,4.332937969022122
224,-0.699314474728878,0.1273929041424396,1.422583500474102,-2.679936456260004,-2.240553775799487,2.341163182917266,2.1901802958696317,0.027737826944604,1.4257599467970918,-1.0296423545453193,1.7159076311326944,-1.7523770951409967,0.3403648595750695,0.1641337072714106,-1.024427891055628,-2.4927540000172392
225,0.9628707057656748,-2.8140469340005607,-1.2020716472394222,-1.3200621661507674,0.2545801422305589,1.0631583685789163,0.0631312718340187,0.8534248569473055,0.9574841116112762,2.580397794535472,-0.0975253837456234,-0.8607291633953384,1.419149520225647,0.1892593246637066,-3.100750900717137,1.0574620279527656
226,0.2279561240052929,1.3311948408293128,-0.5899052882827764,0.152867483101847,1.069318218707641,2.774269080307384,-1.7183301233077268,-0.6365877333923761,1.260705163065439,2.4311324077270515,0.3278110735741233,0.6723893376113824,-0.4867583132844466,-0.518062138037986,-0.2887854473984893,0.2740724794032154
227,1.2256791531895015,0.4000040110797471,-3.841397697776821,4.733163698298395,7.432323343550342,5.127863328317311,-2.9269472350170296,-3.5436386361230543,4.896712934410003,7.009557378149932,0.9524781569528054,0.166655817359844,1.7411542956513235,-1.4716908299135247,4.083611218237406,1.9246824218995784
228,-3.5074723615980057,0.0849773599644417,0.1322853212914557,-2.2601550486253155,4.21091727829856,-4.566927603174836,0.9098569718166456,-1.801465002569992,-4.099967310713442,-2.4637258329204093,-0.8108939362002497,1.180989905305672,-2.1020444083594723,0.4770371005892726,0.8579352477484345,-2.9323549675335814
229,-1.4979977678793153,-0.7853243173801645,-1.0098936712108504,4.164981579434401,5.320075652658036,5.834397627318222,-0.8088089325135661,-1.7696767247453575,2.0556160378942936,4.775392909761806,0.3668140432854422,0.4032745630371717,0.7150169674084241,-0.4858563961938573,2.498681213492632,1.8086037207717744
230,0.8537398456997305,-0.2590573610592244,-2.3458952645868703,3.025045927725543,0.8878912572110287,7.413696117625095,-0.2738880443275739,0.5052001154506998,0.991081705481386,6.2333155356700285,-0.7404901063321585,-0.9667018907026598,1.1990174420207376,-0.414929754500506,-2.0723187641582714,4.786477539558703
231,-0.803290671823993,-2.091027526208265,-2.0644454912038315,-0.9552945661684248,-1.8130256871184367,4.431413351873797,-0.6112037117288752,0.2765736890161301,1.5985958331063612,3.9083696119269375,0.8648244384910113,-0.796064137720634,-0.2563808483229187,-0.5595670346513248,-2.9514939216374447,1.05961077197226
232,-2.6859932305044563,-0.1628438352747273,1.7730465409087803,2.887807647947077,2.2799994807882387,4.222896621554054,-2.926851609386756,-1.8267986719554563,0.6322216791338007,5.723133063561404,0.1514030479517326,0.1029173905232372,-0.6633892509118655,0.7910265705384821,1.1233575281232058,0.8893439684635446
233,-0.1299715078750423,-1.2585781954802462,-0.3633717177394724,-1.3297061568037234,0.0512669879350105,-1.050318648936535,0.2360241832675482,0.3039811622775332,0.6941138152691659,-1.410336527407271,0.2984518139814398,-2.3140440660001054,0.3432603922925381,0.1038053743658383,-2.024066638845796,-0.905237414428208
234,-1.086857657341533,1.126193976718033,-1.4905448758712732,3.118060257267005,2.151822305171696,3.7241565977944,-4.1231851599173694,-0.617292615561286,2.367371833395807,9.634237091254938,-0.7825985974185891,1.6734418856229851,0.6210424923219539,-1.2335176288244816,-0.5514889795237636,4.012324647272572
235,-0.908137432947594,-0.4298785497841625,0.8748239350104479,2.487202489636651,3.886332503159922,5.6345835510984,-2.9647593568978574,0.0785672266736852,2.2190925698554462,6.794865317552869,0.7070323596107849,0.4417467363775572,-0.0899486989217657,0.2372907625443471,1.0463823129014964,1.7351569632240549
236,-2.174432557939511,1.482361034080672,-0.493213984296426,2.585255090744271,-2.0893083779026345,8.967628506548088,-2.1242719073548013,-0.5767100005271808,2.986515762620833,9.450755509341526,2.084712921231016,1.2270345970488723,-0.131806689302771,-0.8411037602562554,-0.3723314430474875,1.2905814587507856
237,-1.7962812943903297,-0.0885836195527462,1.8017402878192503,-3.365887141883063,4.838849878394653,-5.235412995877039,4.879327035576979,-1.6191664199112543,-4.804849194350768,-5.312333148547687,-1.007911695428206,-1.580603940809169,-1.1690133436409331,0.5697050170635043,0.2309684218685788,-3.5639778755757225
238,-2.3935182527537178,0.439174368234238,-1.8344797521065463,0.0535364938705753,1.7759104621985458,0.7016520509927258,-0.8143880843159325,0.01607775465039,0.80732069725485,2.087314532994205,-0.3397590076475238,1.2445651603552557,0.0205031402648664,-0.4280301034383182,-1.5048536407368112,0.7175435142256811
239,-1.1409795501810045,-0.6858895335486426,-0.1212917338229928,2.6497388601724494,5.7653647419724,2.909120241341488,-3.146185570562352,-1.9604205282624907,-0.0377460781855012,3.243001657041429,0.2316074741680918,2.231498911027749,-1.4993612606504874,0.3965712637187692,2.6450433947957004,0.0920065442034832
240,-0.5339132785383758,0.2277447977437656,-2.647559965647915,3.460418519282123,1.6625049284914382,5.364991926673417,-2.475361498702005,-1.908979574259148,2.165990186238704,6.146000383867924,0.7864062119958165,-1.3208783553773176,0.2074465837208051,-0.4237108542811992,0.0681440113206499,2.108173169875908
241,-2.43865218168695,-0.224376227129041,-1.7392264636962729,1.5743582781845102,3.905971339442644,1.1255009257424082,-0.3045597066314202,-1.4355836617438684,0.1370524407203783,3.526248657398148,-0.5595462852894689,0.7714017949037666,-0.6024271421790702,-0.8484058207469773,0.1211990737607277,1.363431549609821
242,-1.3803652179564878,0.8813378798433517,1.5152706807526046,-1.7616949451506396,11.112089564321623,-9.45025033903112,5.031925369393407,-2.7156376508264426,-5.955203402797672,-8.7383707058717,-2.83303029014274,0.0011099446872931,-1.2870770945244985,1.0339812815552494,2.6682101047807727,-3.26449785278973
243,-1.9772785022743329,-2.9158136848938416,1.8413726739558915,-1.17132088597731,-0.7573430457195351,3.927148447931384,1.146261009360496,-0.0259537835149397,0.9295297776371134,3.2221253340930023,1.359189494164025,-1.5444338482482445,-0.3742439028980822,1.7354377478781984,-1.4535811643150958,-0.7103064281198538
244,-0.2635566658982433,-0.4332787638911918,-3.21977440910222,-1.6603621223286806,-2.4215163810025127,4.679581526987418,-0.2529060068524839,0.4541515280613413,1.962827714297099,6.114926533775025,0.7605061195841426,0.4928839718518698,0.3041887073851189,-0.7177958693679765,-3.8602821523100697,1.5900016736290106
245,-1.7771112354915857,-1.1657384588784532,0.4984808080805614,-0.3480482367949566,3.931256183502295,0.2070402638369484,0.9001765943233401,-0.9458390287667804,-1.551844612552221,-0.1865861991100961,-1.742947530486665,0.8336032048373484,-0.4597120117374885,-0.0156038688479088,-0.4647608145000674,0.7505697944759913
246,-1.6406694578970142,-0.7184535290681943,-0.9578978439448048,3.759006640582431,5.6732951344625775,1.897623738417315,1.276081004398997,-2.140074659545746,0.3574984600690352,3.388913801184019,-0.6075687917795559,-0.6011265526688468,-0.094357607298608,0.4520237392685792,0.9600406737671808,1.6439173321235292
247,-1.4436963656640127,0.3626702448931697,-0.9386043523674472,1.4392490126356856,0.00397196445216,6.220845039377171,-4.601018243811252,-1.345523994132484,2.849417764543384,10.306293671507442,1.568182429527326,1.1659165202552229,-0.1931721665419389,-1.2777848856975722,0.1664187868233418,1.4195582832647688
248,0.5938789888305103,0.3011979073153747,-1.172159744979666,3.041506447784138,-2.080712958981925,9.53216739373404,-2.317977341304951,0.3682576594473217,4.885437369646023,7.239190355294694,1.447796418457866,-1.6667634067891977,0.6458031526030761,-0.3460944046969166,-1.82750820074452,3.178546286777064
249,0.1580556375578425,-3.2524634636898173,-0.1464923099534695,2.806120427851949,0.931044428771943,6.93961965951058,-1.5305229379921492,-0.34176512882293,3.5729333835844512,8.004124666944282,0.9386400226789446,-1.4947561464496442,1.08693160453117,0.3104816484994968,-0.3616508475211592,2.6736672277218725
250,-1.6991604286109907,0.725948586371648,1.4107968472107435,0.0979141042111795,3.957718557090134,-2.018420052415567,2.8985084248430164,-1.9126673670520755,-2.3604123746554366,-3.89704943265218,-0.1761124339598626,0.1365973955887523,-0.4214051870068249,0.1491844253522676,1.6448646418081023,-1.771024320061779
251,-3.814715708484851,0.3780958626741001,1.6473301523465538,0.4103898214270636,2.3212644460376133,0.2887675196668928,-2.2277837106886023,-0.3960871557491563,-0.4727325320251077,1.675404867106273,0.0829874188125099,0.0253852779722717,-2.489535291554549,-0.2813163554215492,-0.0684141292707257,-1.0564639031030216
252,-0.0176379992719408,0.3719047825773893,-1.5800913883481762,-2.725884153964082,-0.3849324280134734,1.5019644816566535,2.1495927770608705,1.4948656245902352,0.077221542176777,1.3760451325061278,-0.1309258051261265,-0.7165734884241052,-0.0236729264916787,-0.1497784139766651,-3.0480509143837256,0.3619382383019799
253,-3.046767039437573,0.3609250752634324,-0.6566017168971113,-1.1814049161638898,-1.12668499133749,1.3744174791536314,-2.9174810676136724,-0.5613168441436778,1.6952524006811922,5.986158248350307,1.1282397832688376,0.8095944359718859,0.4852363950862771,-0.2903089073233112,-1.776284761035385,-0.6129668558342596
254,1.4919044146262417,0.6655922520025376,-1.6564990552271557,1.7553234469202712,4.021510747898261,4.382822583926165,-1.1384332933737686,-2.120743602448046,0.7853613375061296,3.633441305567031,-0.8758424064951101,0.5308943142159493,1.1852718802943818,-0.3859281855880463,0.0344595934153686,2.516746254677422
255,1.3641547315363358,-0.0492637075209982,-0.8843881037768246,1.7881120924751497,6.802690016592093,-0.7320536554250117,1.111289993493674,-1.6156336008660812,0.466763346755023,-1.3068380482588389,-0.8057996548842047,0.858139070934016,0.6011545381320488,-0.1285005435437194,2.038493620859504,-0.3795149889930003
256,-1.538984363837502,-1.8923383884568457,0.110263840955922,-3.103600896365875,0.5006476275561843,1.1002722415110122,0.4738798239620265,-0.978657668415591,-0.2729380136945256,-0.4764253911917806,1.0102745868360157,-0.1231364353522676,-0.3425076384324177,1.0856529554120224,-0.3147484096488723,-2.9885402174347577
257,-4.113524535320519,-0.2405296672160299,0.5941107412584192,-4.58201672444898,2.5970024944578167,-5.548782661077483,0.6464547321256134,-1.875231159489688,-2.81933800519545,-5.523940540034922,-0.0443614555115616,0.6025802679783409,-2.2350711311576994,-0.265435201887504,-0.2860294439332205,-5.423431421316344
258,0.1517388133735651,-2.662946243855933,1.8762067677990355,3.054448484405285,1.6871887346915884,5.783113782931843,-2.4375071158782737,-2.67129918364574,2.9530992548638992,6.659334416416439,1.378467355453808,-0.4456503030299945,0.650808344673938,1.22499415848248,1.684597772283955,1.2305724131371985
259,-0.9750310820319398,0.8023711038794411,-0.6081335769994108,-0.6365133269449488,3.892840744255373,-2.813566223287894,-0.6647102363281142,-1.831865000330556,-1.8693717940347512,0.3185479339268608,-0.6715122069805457,2.053818690086596,0.2557168911619089,-0.90316503352912,0.3978304697603418,-1.887548280354431
260,-1.5145118022491606,0.9530143257238464,-0.4993735838296708,1.9721471911653827,4.154694188161546,0.2267272025352845,-0.704030953529446,-1.307725890576274,-0.3056671842861943,0.6146870828330292,-0.0547783603388251,-0.8125457701219858,-0.3426802781193432,-0.7578798176097917,0.557201304076194,-0.3147805439513979
261,-0.9179218886237984,-0.408785098726292,-0.0544448774549628,4.411571843343476,4.404042693950954,1.7715387979104469,-2.5312214146052767,-0.9198696870684028,0.0672109501476768,5.865255346122241,-0.9224129848439532,2.105297429458312,0.1770053814699424,0.1603146502211853,0.1241595329529433,1.8929091115160208
262,-3.695324074083068,-0.7605209245079865,-0.580828356208224,2.3793638934291588,3.8691639749221354,2.6148502385855847,0.4549222799675725,-2.277491051324628,0.5604278596257105,1.3795738205021773,0.0073626814235671,0.0348879470894085,0.053726096934135,-0.0333134772876398,1.602314301481758,0.0477037713930225
263,-0.0665961325220291,0.7324020912989243,-2.5292008380027764,0.5862930955862224,4.026858109206667,0.6161015579539844,1.7301156472246064,-0.7378593163339227,-0.5415387229020887,-1.080565459462937,-1.478546936998799,-1.375510889568743,0.1846697018969473,-0.8531583680482122,-1.2799418584797486,2.267937130134172
264,-1.1274871841675425,-1.0542738651709178,0.218487715120099,3.116453065073591,4.099270508421895,5.55592477334273,-2.58501423669713,-1.7440300299610216,1.291358228702607,6.9189602131054055,-0.4876334209549628,1.368079350488601,0.1768879586224987,0.8418704642041132,-0.1551352444955722,2.697624426274963
265,-1.72931227821412,-1.6894511830500547,0.775297310598098,-1.7323497486199977,5.174229717568337,-3.496787190092907,1.9648825768895224,-1.732484255970648,-2.895881528479313,-4.579952888809692,-1.4362538649281178,0.125901388394959,-0.9164134781231212,1.1817183201751458,1.1824599031284455,-1.923501768877312
266,-0.093826826860351,1.013766120501976,-1.6371100616468528,-0.7241864590415741,-0.4743926829121694,3.041709668931351,-1.9249356320145576,0.9173547370969232,1.234831587262625,6.507924457540435,0.6939232331912581,0.851124098380238,0.75755806232508,-1.443535559898068,-1.4681067792276703,1.0627077679810513
267,1.1484582600308573,-1.610219701032218,-0.081979612967476,3.5999430014187936,0.0142104833206253,6.095229412934532,-4.292010832488601,-0.7018261543592499,2.3764646110294017,7.696220087990902,0.7165893397596517,1.2238559185425932,1.5481753339752615,0.4669380421581075,0.3551850201439279,2.578712943876592
268,-0.9055658105812996,-0.4108834156807762,-3.5427270272495184,5.736121636162526,10.727504680068508,1.834270268188508,0.3497461845452844,-2.657021552441626,-1.4307243383637684,0.5853154934494954,-1.730262730484345,0.3379555541450252,0.4161923699183691,-1.1247720783592157,3.013096715660659,1.8851194689213635
269,-2.218835768553095,-0.2222042053738391,-0.6270424289204104,-0.3396483569289301,0.5188011763661692,1.8428007077115705,-0.1001032609650374,-0.7046782112313161,1.0419589429644909,1.4205023612534653,1.3338857455005728,-0.5922408448128146,-0.0850510688445402,0.0038045580861656,0.0280808829986098,-1.5834964163393843
270,-2.342635340539988,-0.9449812471450404,-2.199975997945108,0.6843139150370563,-1.1454078165504324,7.114915356603337,-3.472836463381429,-1.444143777951862,3.5279149534876035,8.368738237189683,2.497415126419854,0.97571337766925,0.0723502625367841,-0.2207769205861698,0.4915889763977099,-0.2084898582164094
271,-1.5551904701625292,-1.6091193244513642,0.7150280387929107,3.1824112107811477,2.7106405484510105,4.278099455942892,-3.636478242970899,-1.48214648316346,0.5136922163160655,5.556553896553591,0.0460063867363409,0.0007555074545955,-0.282454208900549,0.4884088189683831,0.3116123535155461,1.1950388672919967
272,-0.1163237601826379,-2.13655282799848,-0.4237412367684267,0.2046915894067877,4.656170254890912,-1.862694702781378,0.2235600165383207,-2.6307363556487573,-1.585750111337855,-0.8660922580059998,-0.6411142602246448,0.685857818608419,0.7421002565745968,1.283455836592332,0.9718811599437396,-1.266043685623539
273,-1.957693288660383,0.5877364898286689,0.3386350703797034,-4.362447389784913,-4.596203450408568,1.6191476674840737,-0.4236491061264433,-0.7753573487188961,0.8862390882355486,2.689831075987857,2.8243305910030463,-2.1537305737914614,-0.973651133533952,-0.1038530166610742,-0.7811880808646765,-4.273788280443091
274,1.2350041005615937,-2.502079175176237,0.4369481948717014,2.476060595747956,7.126559137603838,2.5759303320146323,-1.0689810086762104,-2.6634181849442014,0.946685106586098,3.454185111421036,-1.3189684983025107,0.4469817170098519,1.8479419624308335,1.070520399866515,1.126137013342591,2.8950102919265293
275,3.507865235669363,-0.6103388599291402,-1.9165806323420715,6.667495412505694,5.663979067296559,6.032095180341024,0.7307963564513373,-0.2743152666393148,4.999019235667491,6.961857620130047,0.0201064668690983,-0.6385858251450302,2.58496237046136,-0.8215522006022135,0.9079367067531536,4.469216440027061
276,-3.02485970451439,-2.49011013487037,-0.0511057911810475,-5.457028815756653,-1.4114152054284792,-2.8795413848838365,-0.8895233293823026,1.7406291472135635,-2.225333641977495,-1.2244804409509653,0.1796222726319234,1.6533096371785303,-0.5346582637324223,0.965969876508968,-3.239088480451582,-2.9635165658723865
277,-2.178990201709958,-0.0121603112782702,-1.849560339829192,0.7046327430656021,-0.9841966191996124,8.294721499522389,-1.042535014517605,-1.5221159699708169,2.0977854796046054,6.407594780618918,1.3451476204524146,0.6230873478890951,-0.2566235190494063,-0.1583822333887953,0.3537089402332857,0.678241828742437
278,-2.153692255800664,0.7927914641309924,-1.668331188138889,-2.4980346703406817,-1.5395908591608582,4.3796026518692965,0.1074672200958968,0.0878550763854244,0.3068556017395131,4.134411662822603,0.3597389751267884,0.2398577458492966,-0.6891106562773133,-0.5498787903972685,-3.0229156648665256,0.5594704622932019
279,-0.9656777769582529,-0.6688711988781095,-1.1500097895741377,-1.723726757100126,3.83551206443481,-3.0856838353618814,-0.3200295191200807,0.6170036829383623,-2.3931057319276,-1.832238681161222,-0.4986338957884514,0.4863099933502215,0.1054848361962781,0.0156505426540515,0.8717057408327897,-1.621305101228371
280,-0.7965569450197327,-0.6546271286059965,-1.3259444904801272,0.1171079227891023,4.659529124939527,-0.4225609514297621,0.3586120300617013,-0.5954396205503778,-0.7502102555974401,-0.6867378237620344,-0.951184370387956,-0.9984408528767182,-0.5202168458036468,0.0380755468430323,0.0115477530371533,0.1575287095519603
281,-1.0645848765003774,-0.4332410420042377,0.5070301734369456,-1.908026910200868,-2.758414763239455,1.3068761259442596,-0.634321403836874,0.2214753069928006,0.2557559330512973,3.7018911363307736,-0.3418218202461355,1.623256690528054,-0.180874994992441,0.1547406275948602,-4.278504308884125,0.986850411840888
282,-1.8685953488557376,1.7332930839995724,-0.5640371571810464,-0.6479713144436297,0.9890371127461628,3.5670156406119427,-1.8714548119541048,0.2206498035976631,0.16281495870267,3.635385364770437,-1.006927360945144,1.9913704184169043,-0.3810898795834087,-0.7595194815035766,-2.2615326060870613,1.6355671748178475
283,-0.1818199114582512,0.1849438239497474,0.9719568072082084,1.934816473211177,0.4600541860735486,6.005089328118143,-3.623919026569123,0.1359754553755485,1.792377647052766,4.192636863303874,0.0478253197846829,0.3929135105482163,0.4205988657621287,0.161414059186858,-0.9578577371510316,2.3311342861807502
284,-0.7606899771253667,-1.4457747416021882,0.2912720469985982,0.507388661606238,4.8088663049902864,2.1527782291739896,-1.422811443058312,-0.342959093499888,-0.5318822538017915,1.8202553971685247,-0.5641961798604865,1.5904035685736386,-0.5790891129831197,0.5187793275107895,0.2795824000833241,0.4117057726076857
285,-1.933939923534647,0.4603889965120885,-0.0836935518421964,0.2668544300832898,5.432007883266951,-1.7041087747351435,2.4660107179785564,-1.86829864391929,-1.178292849209625,-0.8741355978293539,-1.4940377932897506,-0.5691481986725339,0.3060022837030071,-0.1961576898703324,0.4202006631423243,-0.252284078105402
286,-0.0589762269776077,-0.8771761210057519,-1.0243454006056458,3.260000327736223,2.817831612971534,5.32640243990938,-1.9099448671025936,-2.721249524879118,3.393717068136452,4.713533623084011,1.2551457883749038,-0.7971135662249808,1.2035578249035812,0.1513569543703689,2.198498952588853,1.067037728998356
287,-0.5342311230541172,-2.152902503737484,-3.20215069665866,3.765818563186436,0.6247259309292708,5.601026320439433,-1.9973923657108543,-1.1432461057117609,1.4541022163828707,6.046755996504528,-0.4976725234290394,0.0409247487289228,1.6926088727276891,-0.9364484076143168,-0.6829333789220732,2.827662493619712
288,2.364813131713931,-1.609156446806073,-0.9995647877883048,-0.3066578807761577,3.281660820083921,-0.1083065707048185,0.6178772427001094,0.4884721387762925,-0.2544935165192963,1.2819081810513506,-1.2681368049753126,0.4349410383678986,2.041660590695191,0.1140617741383713,-1.8274533462104727,1.400175362913015
289,1.4303314750781888,0.6910783579572534,-3.420187304336715,7.87307674205924,2.587112128653014,9.592889701510352,-2.660128565170456,0.32598070058884,6.002173195234207,10.377142566335998,-0.1682591344875415,-0.3939866812431204,2.5346397531354365,-1.6992309926961733,-0.5243179939775102,7.277830637864858
290,-1.3008299905553833,-1.029739105969482,-2.81927997829162,5.742498122191767,3.0339576933259016,8.049887865970888,-4.163469838497798,-0.1214930629970001,2.0035798611583773,9.79453123832242,0.0683715659676587,0.5377681903684838,0.8416189224504516,-0.1191821502895305,-0.1216733872977778,4.414228795512932
291,-0.7633854822540724,-0.9521147491940628,-0.9155232776663188,-0.0319734115083012,6.668808041572308,-1.0871981251374268,2.0669219659861184,-2.734750327750614,-1.6426723420235971,-2.5816964975513943,-1.7464667255790336,0.306389482073414,0.7330413480599915,-0.0679236676996234,1.833883036592947,-0.301314531482968
292,-2.865434721644278,-2.752327070117247,0.6692337604999354,-1.82501798118704,4.039489048336501,0.4940599186742475,0.9818998603387314,-1.3780537902803385,-0.8002729913498107,-1.5406975368400992,0.3316476671257627,-0.9983067752910548,-0.7566397537030679,1.0920578697942935,0.1847880041992692,-1.7496976503919657
293,1.9671849506073915,-0.7271889354936442,0.0566804489937676,0.4423094850853715,4.332339764202911,-3.1223583505255554,2.3574475849148717,-0.9920970981994406,-1.3920356632832285,-2.316304210684258,-1.0471575686902646,0.5187930174517212,1.0013184917577842,0.2925230087558857,-0.7628839118469611,-0.9934979426770724
294,-0.5632121135473576,-1.4270378070816223,-0.1978311074236325,-2.6191807090012764,-0.4160404000955167,4.473715327348821,-3.722512684961096,-0.2057329070859197,1.6224563886382095,4.979906537408973,1.7110288091907877,0.8635282425215212,-0.4078926642732759,0.3545289347760433,-0.6374831235448735,-1.1028254941441429
295,0.6731308901804571,-1.6293156866719047,-1.569434855104446,7.576582095792258,0.1368923504784273,12.644513715266315,-4.025021330854944,-0.1168551834046418,5.704467741213465,12.089375187061355,0.5239605120767348,0.1714693175903909,2.6861989332251315,-0.2426161226998325,-0.2521929612364384,6.5788020711989486
296,-1.2321864343447724,-1.6513630917406257,-0.9555618934283384,2.7145972099032494,5.562423386894948,1.776023297146526,-0.4050975849088211,-1.6913463103948412,-0.4213660470176589,3.1501733859037784,-0.3998999901093165,1.1526481032616924,0.0042221859491661,-0.0666145267828815,1.4607508824863409,0.7538793845446385
297,-1.6009328873948248,-0.8218600948383236,-0.4895321721582827,-4.946008167882368,1.037944569964789,-4.922575116531355,2.932468801396464,-0.463665051722325,-2.275861303701896,-4.814001291018865,-0.7451677703173505,-1.217403793496952,-0.623509512942033,-0.8080454024441646,-2.808320163261339,-2.580110056844656
298,1.4144081054774824,-2.024056871960218,-0.3465943370474709,3.844121207823423,4.767411886822878,4.485606878186079,-1.7228633388494528,-1.3517802695083103,2.121238980781861,5.232964045936677,-0.1049677075636239,0.4679504221318517,0.5075871908010194,0.3313982691960806,0.7602421454468253,2.5685611123177123
299,-2.0115862686387924,0.2672530309149391,-0.6300179390346914,-1.299595443077373,1.7838642100962074,-2.2451772915482247,1.366433965362787,-1.422490218218055,0.4058763801235181,-2.167970154847316,0.6127907415832897,-1.1702807063967748,-0.6556754407076071,1.0427832909477175,-0.450651402439517,-2.268009180185312
