dx,dy,dz,otype,mined,classification,grade1,grade2,density
25,25,10.0,Sulfide,unmined,1,11.077688074733056,19.148593518704367,2.282707063334522
50,25,2.5,Sulfide,unmined,3,1.1987915496354944,10.683600089840452,2.811607314175585
50,50,5.0,Overburden,mined,3,8.463154903420335,24.26519037311877,2.7341840751101776
25,25,5.0,Sulfide,mined,2,5.82528227393283,22.965377229829166,2.904725918130017
50,50,10.0,Overburden,mined,1,8.808184599678121,21.850457303393554,2.4867644866260106
50,25,10.0,Oxide,mined,3,4.090964441773278,23.424734609645554,2.9841895409134684
50,25,2.5,Oxide,mined,1,13.525697754355674,18.474171619335372,2.2276297860631407
50,25,5.0,Sulfide,mined,2,14.4976669848784,14.447355975059022,2.9023987531356092
50,50,10.0,Overburden,unmined,2,6.733285714193326,15.386917012423288,2.7571554139838783
25,25,10.0,Oxide,unmined,2,8.818386262163951,16.176168078052736,2.3524749054527625
25,50,10.0,Sulfide,unmined,1,4.664620742395803,14.616837222504364,2.807755023783269
50,50,2.5,Overburden,mined,3,10.811822749277644,13.348863157522032,2.4353049557929562
50,50,5.0,Sulfide,unmined,1,6.770820883381397,12.769930050371318,2.3409706990581034
25,25,2.5,Sulfide,unmined,1,14.942840362997273,11.89697392523793,2.5808856562742974
50,50,5.0,Sulfide,unmined,1,8.786694223115202,21.157582033112732,2.930209639771206
25,25,5.0,Sulfide,unmined,2,9.725346197065178,15.934215724611125,2.8937544468782526
25,50,5.0,Oxide,mined,2,13.104449019109092,14.80451169300294,2.7085390088570263
50,50,10.0,Overburden,mined,1,12.390006723363697,18.40400812645718,2.7697761174854687
50,50,10.0,Overburden,mined,2,7.3534898331044145,15.509958592842406,2.9120422660483287
50,25,5.0,Sulfide,unmined,2,8.600606439707374,11.187328398067143,2.901759750456622
25,25,10.0,Overburden,unmined,1,13.890336361333993,13.008807623793576,2.8166247628730297
25,25,10.0,Sulfide,unmined,1,3.36264645533058,12.843412864033986,2.9652058447437843
25,50,2.5,Oxide,unmined,3,12.012046984104353,18.807961484502314,2.3235079697477405
25,50,2.5,Overburden,mined,2,8.855362910771369,21.479236375160372,2.2891772250602473
25,50,5.0,Sulfide,unmined,1,7.233531071541489,23.78753786389546,2.42736640230823
50,50,10.0,Overburden,mined,3,8.991366656600515,13.207060971236437,2.3562937748671717
25,25,5.0,Oxide,mined,1,8.633830954025058,17.953447419054395,2.6130846569456136
50,50,2.5,Oxide,unmined,3,9.67692834925589,20.004808067677082,2.9219498523468466
25,50,10.0,Overburden,unmined,3,10.411011085187058,19.584105066395082,2.449977851142409
50,25,5.0,Overburden,mined,3,8.148779981311442,12.49696477980672,2.5040399759685443
50,25,10.0,Sulfide,unmined,1,5.991477302859382,22.738938545017433,2.5785619815710543
50,50,2.5,Overburden,mined,3,7.434884667010051,17.22223256244736,2.228052210226209
25,25,10.0,Overburden,unmined,3,10.320145608896592,23.647203170438182,2.8761170263591342
50,25,2.5,Overburden,mined,3,17.197601921078906,18.485352581214862,2.4780267029106238
50,25,2.5,Overburden,mined,3,9.650241125320955,12.87729885306394,2.4997551272433896
25,50,2.5,Oxide,mined,3,13.272528032561985,22.578797099254608,2.6789537668540486
25,25,5.0,Sulfide,unmined,3,6.564524926853767,14.697390209028946,2.9293400217340753
25,50,10.0,Sulfide,mined,2,7.397308805549764,15.948504079531826,2.5828050819266535
25,25,10.0,Oxide,mined,2,10.963487809309006,12.248921253917583,2.801100108740618
50,50,10.0,Sulfide,unmined,3,14.688657548752747,21.768622232928628,2.3984866926074258
25,50,2.5,Overburden,mined,2,9.678341548148214,13.15898617413363,2.744756311644179
25,25,10.0,Sulfide,mined,3,12.494825171937643,20.78086693718369,2.63835324157884
50,25,5.0,Overburden,mined,2,13.001974682472955,15.651629490906103,2.9555453539522363
50,50,10.0,Overburden,mined,2,14.597507136514773,13.628530061361808,2.726214840463002
25,50,10.0,Overburden,mined,2,13.943044343407314,18.636795717048322,2.2058276431373507
50,25,10.0,Overburden,unmined,1,5.351842660728198,13.822832445209443,2.8576048558740497
50,50,10.0,Sulfide,mined,1,13.539639246120972,21.282671094637347,2.3930924332790546
25,25,5.0,Overburden,unmined,1,9.23784852664709,17.820223541163262,2.211283461438649
50,50,5.0,Overburden,unmined,2,10.731739304688201,17.771977300535305,2.740074524022724
25,25,5.0,Oxide,mined,3,11.971175388560766,20.231311386951475,2.9434792096287916
50,25,2.5,Sulfide,unmined,1,9.324018197143952,19.133101791461137,2.6296717623466197
50,25,5.0,Sulfide,unmined,2,7.7917514536986126,13.780759319817044,2.7768107138482474
25,25,5.0,Sulfide,mined,1,8.239949564200865,16.854895925348174,2.9122862154349436
25,50,5.0,Oxide,mined,2,13.139299603770423,15.134162379727703,2.2902970803026554
25,50,5.0,Overburden,unmined,2,6.7848828506468974,19.199374242463076,2.4596201452047994
50,50,2.5,Overburden,unmined,2,10.212526645108104,14.26312974646608,2.6720183347070727
25,25,10.0,Oxide,mined,2,10.767910896424997,20.65474058942206,2.6737274014003476
25,25,2.5,Overburden,unmined,1,13.866177518899585,22.992756359224945,2.753010870554747
50,25,5.0,Oxide,unmined,2,11.710560133308537,12.6893909850185,2.7464798919096065
50,50,10.0,Overburden,mined,2,9.157726164782936,18.93288648100618,2.666972909064736
25,50,5.0,Overburden,mined,2,9.242609795498273,23.78592684938297,2.9397721242718045
25,25,5.0,Overburden,unmined,1,13.083896517902089,13.666871945153659,2.886534170177937
50,25,5.0,Sulfide,mined,3,7.410078818394107,14.492437969668966,2.7189414429874192
25,25,2.5,Overburden,unmined,2,13.207288058617896,15.94591366590229,2.3938422349978445
25,50,5.0,Sulfide,unmined,3,10.51283344955172,14.926439617814292,2.2168893440055166
50,50,5.0,Sulfide,mined,3,10.057397642426784,17.109069807615437,2.768793992920244
50,25,10.0,Overburden,unmined,1,11.308493512848322,12.40122845482433,2.373313231995666
25,25,10.0,Overburden,mined,3,5.922401435346181,22.054652601632252,2.5301613370201723
50,50,5.0,Overburden,unmined,3,14.305574159919239,21.819723636758262,2.4283876516523293
50,25,2.5,Oxide,mined,1,13.019646267280152,12.802037155139631,2.680776661572418
25,50,2.5,Sulfide,unmined,3,11.239840532979747,23.926226188660777,2.6875623811641773
25,25,5.0,Oxide,mined,1,8.554999273196355,18.88444452632568,2.8202437676169336
50,50,2.5,Overburden,unmined,2,5.939643824017478,20.980505880874162,2.380864673141326
25,50,2.5,Overburden,unmined,1,14.669773671567265,18.04789279293418,2.463555778870417
50,50,5.0,Overburden,mined,2,9.153353374297952,13.161856926100949,2.7258862888179625
25,50,10.0,Sulfide,mined,2,6.274184877265792,12.246223853561938,2.2463142641432485
50,25,10.0,Oxide,unmined,1,11.49202152935394,20.68196673130974,2.989391666257284
50,25,2.5,Sulfide,unmined,3,6.022097209700377,15.131832078519256,2.5228352205404603
25,25,10.0,Overburden,mined,1,8.046907414477438,15.792734414450534,2.381268553265407
50,25,2.5,Overburden,unmined,2,10.82760946549941,12.27179738638133,2.4993597245937136
25,50,5.0,Oxide,mined,1,10.38407968558771,15.822025897416633,2.296519515110648
25,25,2.5,Sulfide,unmined,2,10.94327698079568,15.367334016631077,2.7098298181990645
50,25,10.0,Sulfide,mined,3,3.5374254080722753,18.011214256938395,2.2043536776712025
25,25,5.0,Sulfide,mined,1,7.387629065271492,22.382959384064897,2.5434179323052457
50,50,2.5,Overburden,unmined,2,9.859049409367055,14.567555013091898,2.5177824492275707
25,25,5.0,Overburden,unmined,2,7.21441826323755,16.467894194925403,2.7478427852583507
50,25,2.5,Overburden,mined,1,6.80280872783587,21.027672399631165,2.245567211320211
25,50,2.5,Overburden,unmined,3,12.842930498710246,24.76603922212135,2.452903260840129
25,50,2.5,Overburden,unmined,2,9.31858111044389,12.14643614123769,2.315272340564473
25,25,5.0,Oxide,unmined,2,9.005306852938737,22.343972119541597,2.6663298139370917
50,50,2.5,Oxide,unmined,1,14.581312081712626,12.698214603484052,2.2356371365562167
25,50,2.5,Overburden,unmined,1,10.648749103941546,14.144339204586355,2.4320779065115494
50,25,10.0,Sulfide,unmined,2,10.04954972139711,19.141588742298566,2.5093311188285066
25,50,5.0,Overburden,unmined,2,14.585668450693372,17.605081436302818,2.865833211656563
25,25,5.0,Overburden,unmined,1,6.261718782415082,13.380899577159305,2.6246390735883076
50,25,10.0,Oxide,mined,1,10.545026683912498,15.555542921940198,2.3349613694364115
50,25,10.0,Overburden,unmined,2,15.196022639556958,13.172148065939652,2.4822992551150467
50,25,2.5,Sulfide,mined,2,8.034135527817124,18.103235655441715,2.5054541648567348
25,50,10.0,Overburden,mined,3,6.096256830300292,21.97527763106902,2.7780543356529797
50,50,10.0,Sulfide,mined,1,6.38410599282377,19.71194961489017,2.731896693230987
25,50,2.5,Overburden,mined,3,11.794674772128724,22.94600795135501,2.7145234607209545
25,25,10.0,Overburden,unmined,2,10.896701406241396,19.86515847315206,2.7901015360911545
25,25,2.5,Oxide,unmined,3,6.0779731135770865,24.10800412696657,2.2946462290066525
25,25,2.5,Oxide,mined,1,9.77410538424749,22.0253772024058,2.4208428523588283
25,50,5.0,Sulfide,unmined,2,8.610290746950023,12.82282065680822,2.4253258656792838
25,50,2.5,Oxide,mined,2,5.949833392068628,19.067013595457656,2.5145115583359936
50,50,10.0,Sulfide,unmined,3,10.860122748030465,24.350096218615136,2.3286017370363803
25,50,10.0,Oxide,mined,2,8.184899969897867,17.482849071355112,2.4117134913430065
25,25,10.0,Oxide,unmined,3,8.91491610377794,18.68024087860436,2.3346139266710324
50,50,5.0,Oxide,unmined,2,11.532031703330723,15.01266040721864,2.641802046584297
25,25,2.5,Oxide,mined,3,9.095593099829602,12.155573536337938,2.452517271501381
25,50,5.0,Sulfide,unmined,3,9.3475436285785,12.247190739456354,2.2957436036204317
50,25,5.0,Overburden,mined,3,14.91052292853327,19.723465411706627,2.2603703285852323
50,25,10.0,Oxide,mined,2,14.324486227720856,17.286431130970378,2.655583240156452
25,50,10.0,Oxide,mined,2,10.959957106502042,16.97877786286836,2.413277105074139
50,50,5.0,Sulfide,mined,2,10.864329033022605,21.00212771768858,2.869358123914136
50,25,2.5,Overburden,unmined,2,9.946177814636009,20.004503306325745,2.320091760382925
50,25,5.0,Sulfide,unmined,2,9.413656732700439,21.957515299147126,2.309251553128721
25,25,2.5,Overburden,mined,3,10.493017908173107,17.570465039245345,2.622120666861099
50,50,10.0,Overburden,mined,3,11.239242081619004,12.745762383004628,2.6728311062622248
25,25,10.0,Oxide,mined,3,9.611180278541767,13.745428173502802,2.679767169919752
50,25,10.0,Overburden,mined,1,5.982854036769226,12.009950532784428,2.259018226986357
50,25,5.0,Oxide,mined,3,7.675470140999334,17.707568836590102,2.4912447066171217
25,50,5.0,Sulfide,mined,3,7.499111495777498,19.506616384233403,2.383308972343922
50,25,2.5,Oxide,unmined,1,14.192681228227272,24.36033010893055,2.7157179806941345
50,50,10.0,Overburden,unmined,3,11.39773563409093,20.20283581049259,2.656037507474886
25,50,10.0,Overburden,mined,3,6.5061425785471725,11.913918404892192,2.5453957561445963
50,25,10.0,Overburden,unmined,1,2.465314391845956,21.33447656075834,2.2850362164361697
25,25,2.5,Sulfide,mined,2,10.113869749528387,20.88007431473577,2.262167087535197
25,50,2.5,Sulfide,mined,2,11.631312779575687,21.37942451094155,2.7342787911295257
25,50,5.0,Oxide,unmined,1,9.580150377584104,12.895062265120314,2.442997529645057
25,25,2.5,Sulfide,unmined,2,8.822182407129265,21.361419626602938,2.611293334944897
50,25,5.0,Sulfide,unmined,2,13.915457932718441,18.751678665268777,2.9382533981231256
25,25,10.0,Sulfide,unmined,2,12.087220799153814,23.65617065530997,2.57456612909249
25,25,10.0,Sulfide,unmined,1,11.923996679898044,15.11109067232275,2.360058459653033
50,50,2.5,Overburden,unmined,3,15.899985578277345,12.664731573774043,2.4113310527553553
25,25,2.5,Sulfide,mined,1,12.651488000570739,20.83178633293059,2.2956981103132934
25,25,2.5,Overburden,mined,3,12.37291828535313,20.18873426242864,2.3229764261941437
50,25,10.0,Sulfide,unmined,3,8.67993116020239,22.093946791264457,2.4254687367846
25,25,5.0,Sulfide,unmined,1,7.706143340039703,23.109811317452397,2.933582116162177
25,25,10.0,Sulfide,unmined,1,11.825920992084763,19.063744740296535,2.6196639820641345
25,50,2.5,Overburden,unmined,1,13.471229805410244,19.71874532370193,2.5933057207586137
25,50,5.0,Overburden,mined,3,7.886087867069458,12.439667960193413,2.321061615228288
25,50,5.0,Oxide,mined,2,7.527802930411544,16.558976694141588,2.395298694441354
50,25,5.0,Oxide,mined,3,10.654630376722203,17.46861755679303,2.2750360287360425
50,25,10.0,Sulfide,mined,2,9.716464973648877,22.970049789428778,2.26501555034357
25,25,5.0,Overburden,unmined,1,11.722252000482284,10.09910616169686,2.5665413317713996
25,25,10.0,Overburden,mined,1,14.470180025915683,19.887267446386403,2.913356779212723
25,50,2.5,Oxide,mined,2,12.579702210608035,24.784405906430067,2.3345270706765118
50,25,10.0,Oxide,unmined,1,9.858152528504883,10.412100320653089,2.438420564994926
50,50,2.5,Oxide,unmined,2,8.692114851982108,16.7391139870507,2.2638302328902413
50,50,2.5,Oxide,unmined,3,4.724401253315448,15.400460454319738,2.6375297100708455
25,50,5.0,Oxide,unmined,2,9.655310451563176,11.256169291779264,2.860931056848335
25,25,10.0,Overburden,unmined,3,10.105769847543352,16.152881083349616,2.6564251513304806
25,50,5.0,Oxide,mined,3,8.168408245362519,19.273204306893412,2.888754452418531
25,25,5.0,Oxide,unmined,2,8.273434500065502,10.773698939019416,2.723483366635752
50,50,2.5,Overburden,mined,2,11.511016331800155,23.261185456196564,2.4971739606338748
50,25,2.5,Sulfide,unmined,1,11.342552001744158,13.870604213713488,2.5504096706083406
50,25,5.0,Oxide,mined,1,9.823400584481023,22.333262391876517,2.4350794803410456
25,50,5.0,Oxide,unmined,1,6.975921933061138,22.761574344559907,2.475846123509256
50,50,2.5,Sulfide,mined,1,12.658913348045687,17.035342004045496,2.819747196639213
25,50,10.0,Sulfide,mined,1,12.521409869710045,23.741689266472292,2.240372254814279
25,50,5.0,Sulfide,mined,1,13.72222213310654,18.719322353400663,2.2287134047697608
25,25,5.0,Overburden,unmined,1,10.744508452454749,17.344803278344724,2.826051985514673
25,50,5.0,Overburden,unmined,2,9.143358855390805,22.6871773038617,2.764117677153904
50,25,2.5,Overburden,unmined,3,8.13367855044433,19.292998503387135,2.4996515509402815
25,25,10.0,Overburden,mined,1,8.17341094220256,13.897153989665577,2.9183719206146197
25,50,10.0,Sulfide,unmined,1,10.551594559448805,12.628645979190592,2.2145733819722246
25,50,2.5,Sulfide,unmined,2,9.718880938426086,23.943868917094797,2.99055774857598
25,50,10.0,Overburden,unmined,3,9.243592826096966,15.842961649219516,2.6528350396714617
50,25,10.0,Overburden,unmined,3,8.657118394540722,16.263705740380363,2.691910689732526
50,25,5.0,Oxide,mined,3,8.872003120591776,12.132187367070133,2.378897798979832
25,50,5.0,Overburden,unmined,3,13.038296969431853,23.257436632325565,2.220260511429435
50,25,2.5,Sulfide,unmined,1,9.99559376791637,22.12623849984633,2.34431702136817
50,25,10.0,Overburden,unmined,3,8.973416167890878,20.558941504033378,2.948357242271298
50,25,10.0,Oxide,unmined,3,8.098699880412974,11.82014120721458,2.821491691685821
50,50,5.0,Sulfide,unmined,3,4.90063451196071,11.360348913130315,2.7099654106311672
25,50,10.0,Overburden,mined,3,11.362329512796675,15.264645103669679,2.4759857659178914
50,25,5.0,Sulfide,mined,3,12.682693074491977,20.821081429123286,2.8603919815685432
50,50,2.5,Overburden,unmined,1,10.656208844878297,22.342517624919914,2.531731644462441
25,50,5.0,Oxide,mined,2,10.409216935929066,12.606135317579373,2.5890851165439916
50,25,10.0,Oxide,mined,1,9.18092801952307,10.81661978281558,2.777206656498487
50,25,5.0,Oxide,unmined,3,7.049978052718778,14.075075392485097,2.3654386274516916
25,25,10.0,Overburden,unmined,1,8.96028492489559,16.119548377515365,2.7447132560996095
25,25,2.5,Overburden,mined,1,14.772363424433847,18.23283481663418,2.454134459974868
50,50,5.0,Sulfide,unmined,1,11.7273397082295,24.770798880999404,2.9128253303925984
25,50,10.0,Oxide,mined,2,9.800108095356135,12.01359324245181,2.5649393584603137
25,50,5.0,Oxide,mined,3,10.659068687933816,22.880126432822962,2.412293979393383
50,25,10.0,Overburden,mined,2,10.838075830497921,13.531513723926349,2.743215826885335
25,50,2.5,Oxide,mined,1,11.236118247997783,10.616648042998122,2.664779522027119
25,50,10.0,Overburden,mined,3,6.16042520094694,22.25189917759379,2.695364454025686
50,25,5.0,Overburden,mined,1,15.921869324456978,21.846757193490923,2.360625322871706
25,25,5.0,Overburden,unmined,3,8.967730444277393,13.1790099149253,2.5602778446102157
50,25,5.0,Oxide,unmined,1,7.961877362884248,10.430936819297205,2.505329070057475
25,25,5.0,Sulfide,mined,2,3.778433992089127,17.60059558762584,2.8368008301099925
25,25,10.0,Sulfide,unmined,1,11.980179057076306,16.624224126653914,2.9618601929971318
50,50,10.0,Sulfide,mined,3,7.283370485730568,12.135605974180955,2.261231770081456
50,25,5.0,Sulfide,mined,3,10.440504383581628,20.504505394255656,2.213778381225517
25,25,2.5,Sulfide,mined,2,5.195439683181014,24.127472824285647,2.99890258253986
25,25,10.0,Sulfide,mined,2,10.304321325912522,19.233261436229615,2.3468946668184794
50,25,5.0,Sulfide,mined,1,14.058272717258653,10.627295251719755,2.4466009431210805
25,25,2.5,Oxide,unmined,2,12.525895120308572,17.533913547158782,2.3140070913406787
50,25,2.5,Overburden,mined,3,12.298568033457999,10.986672697901938,2.8010703125705163
50,50,2.5,Overburden,unmined,3,8.462860014580356,15.536826646852273,2.81180018102687
25,25,2.5,Sulfide,unmined,3,9.297333854572829,16.615045932357322,2.9754517924829837
25,25,10.0,Oxide,mined,2,10.56591018000945,14.4632274933912,2.253607862993084
50,25,2.5,Oxide,unmined,1,13.365817784473368,17.981106177946106,2.607176847121365
25,50,2.5,Oxide,mined,2,10.662812248453578,12.74626471991965,2.7817757914131915
25,25,5.0,Oxide,mined,2,7.244880507182241,14.310254871279625,2.367496712511015
50,50,5.0,Overburden,mined,3,15.198321736856052,16.59552733061176,2.489768629358245
50,50,10.0,Overburden,mined,2,19.20113121880141,19.965587147574645,2.323564691669251
50,50,10.0,Sulfide,unmined,3,2.91393324543208,22.663465572032912,2.407452272945773
50,50,5.0,Oxide,mined,3,14.153874569507613,15.321352086350345,2.7468495177643506
25,50,2.5,Overburden,unmined,1,6.583724932474337,10.955142348933,2.824680805508547
25,50,2.5,Oxide,mined,3,9.468164468226325,12.971358033202334,2.288186904260541
25,25,10.0,Overburden,unmined,2,7.829298856133047,10.349403050094603,2.995549898771267
50,25,2.5,Overburden,mined,2,9.022608846581393,22.899709721012247,2.7651028451106696
25,50,5.0,Oxide,unmined,1,9.024139449520273,15.599943958335091,2.621034565423832
50,25,10.0,Overburden,unmined,2,10.814046798203577,12.880483528899456,2.3637849880927204
25,50,2.5,Overburden,mined,2,7.304496760613576,16.06182014286062,2.895364294527214
50,25,5.0,Overburden,unmined,1,11.699924785313426,18.971526595121745,2.652841556822427
25,25,10.0,Overburden,unmined,2,6.192597967199124,21.640190408499905,2.310024735180452
25,50,2.5,Overburden,mined,3,7.712698015938132,21.187957692924726,2.8928945143045004
25,25,10.0,Sulfide,unmined,2,6.575181860374971,20.393159109231352,2.2317577123652304
25,25,5.0,Overburden,unmined,2,12.178431861923368,10.435635551826485,2.9746700338800562
50,25,5.0,Sulfide,mined,3,10.748067591935143,21.701802622219667,2.389911178473599
25,50,2.5,Sulfide,unmined,2,7.742799503378629,18.625237139098928,2.2664790586468895
50,25,2.5,Overburden,unmined,3,6.721764763179449,18.988642009764234,2.8778655894582004
25,50,2.5,Oxide,unmined,3,10.812413466385786,16.03080831774237,2.3348108471774323
25,25,5.0,Sulfide,unmined,2,7.5295626276725915,14.300134067733321,2.576966097923887
50,50,10.0,Sulfide,mined,1,14.132895889960395,12.555145874329163,2.316400761732436
25,50,10.0,Overburden,mined,3,9.399756072163768,21.54153517059247,2.8325550901557652
50,25,10.0,Sulfide,mined,3,8.046154013995501,18.986979963319115,2.4799941124740132
50,50,2.5,Overburden,mined,2,5.0842357069308335,11.264212052808652,2.588769762838263
50,50,5.0,Overburden,unmined,3,9.294442324138274,10.727775836212967,2.9037337814181323
25,25,10.0,Overburden,mined,1,10.367939867740045,13.050817091808428,2.8380753476220937
50,50,10.0,Oxide,unmined,3,11.797585758029939,24.342628359776402,2.7340748581834315
25,25,5.0,Sulfide,unmined,3,11.703414977676337,18.537486921453585,2.2086824457653966
25,25,10.0,Sulfide,unmined,2,5.93518294261569,20.64018919233277,2.7408572003812806
50,25,5.0,Sulfide,unmined,1,6.584595342742732,10.09219882775327,2.598447337131542
50,25,2.5,Sulfide,mined,1,5.781233796235165,14.349388556156491,2.6904186777538577
50,50,5.0,Sulfide,mined,2,6.85356317209381,19.105641744817554,2.8919205230598632
25,50,2.5,Overburden,mined,2,12.358126627326161,18.163980160452574,2.223573818434977
25,50,2.5,Overburden,mined,2,11.90054861382386,16.75054508487047,2.8396771064758184
50,25,10.0,Overburden,unmined,3,13.273896445720924,11.614058674705246,2.27110614405795
25,25,10.0,Sulfide,unmined,3,14.040853526018324,15.87089319628306,2.242740242349254
25,25,2.5,Oxide,mined,1,7.260744020882029,14.316952644727099,2.375775258867816
50,50,10.0,Oxide,mined,1,14.437261978905056,17.422273384246658,2.9983693161686915
25,25,10.0,Sulfide,mined,1,3.5510983068262076,13.032013266288219,2.5125243812692633
50,25,5.0,Overburden,mined,2,8.394803621300133,15.426691109096957,2.849407935595604
25,50,10.0,Oxide,mined,2,10.696611754782271,23.659705740605858,2.94340359264482
25,50,5.0,Oxide,mined,2,10.795450917209136,19.740065155960224,2.67353276748742
25,25,5.0,Sulfide,unmined,3,14.316874188586352,18.212084989582436,2.5009160907882695
25,50,10.0,Overburden,mined,3,7.6364693834676896,21.954718336506083,2.464335866203092
25,50,2.5,Sulfide,unmined,3,10.172823467130545,17.70025476348959,2.470360205310497
25,25,5.0,Sulfide,unmined,2,7.127871610925857,19.18025966694987,2.474780549415759
50,50,2.5,Oxide,mined,3,5.558451817706215,13.49920750830974,2.337555203463594
50,50,2.5,Sulfide,unmined,1,7.732518797377664,22.97069212884857,2.7801709296963946
25,50,10.0,Overburden,unmined,1,13.251742356980333,16.005912426356137,2.984459067484699
25,25,5.0,Overburden,unmined,1,9.063575028920967,16.325375852383505,2.6170770810566815
50,50,5.0,Oxide,unmined,3,11.533944483479676,19.73942166330307,2.28633584277554
25,50,2.5,Sulfide,unmined,1,5.356060021807169,10.477857190153454,2.664024265733502
50,25,5.0,Overburden,unmined,3,10.55445525700847,13.178054407461936,2.82974356061521
25,50,2.5,Sulfide,mined,1,11.744111918767643,10.738487384534373,2.7100567792800945
25,50,2.5,Sulfide,mined,2,9.81450283438944,13.825306985321701,2.9841731374742064
50,25,5.0,Sulfide,mined,1,6.285038792393999,24.402970018180334,2.702908921000211
50,50,10.0,Oxide,unmined,3,14.027513624265353,23.53943110218503,2.489299958432272
50,25,10.0,Oxide,unmined,2,13.07618382099885,22.38893870982011,2.380987194319977
25,50,10.0,Sulfide,mined,2,10.967830802135452,21.782217347334715,2.9686061639269266
25,50,2.5,Overburden,unmined,2,5.1282633791927665,12.231921836464313,2.5083309896904686
50,50,2.5,Sulfide,mined,1,3.530348046992424,24.352918458989045,2.3956901009162888
25,50,2.5,Overburden,mined,3,10.864332906717936,23.741566349998806,2.6013433253597777
25,50,5.0,Overburden,mined,1,5.365136266347857,11.303924348448815,2.5513277335679185
25,50,5.0,Oxide,unmined,1,7.462621435818813,17.20211893001226,2.5567849286630078
50,50,10.0,Sulfide,unmined,2,8.652502210928589,19.31181153803203,2.678567937417262
50,25,2.5,Sulfide,unmined,2,13.455830163773106,16.197704150555918,2.6665641563443203
25,50,10.0,Overburden,mined,2,10.388126278664982,19.969029452698393,2.9976411931136613
25,25,5.0,Sulfide,unmined,3,14.956704235439378,21.044395382121593,2.336198109354783
50,50,5.0,Overburden,unmined,1,14.513071423213049,16.966407081080927,2.654031897272741
25,50,2.5,Oxide,mined,3,7.512422566658245,12.69995395788073,2.354554747879875
25,50,2.5,Sulfide,mined,1,10.31630029108756,15.493612004269927,2.4301614737738433
50,50,5.0,Sulfide,mined,2,11.611067118790771,12.57171679271706,2.3474089385720704
25,50,5.0,Sulfide,unmined,1,6.535612317878112,20.063030648243213,2.760197825063801
25,50,5.0,Overburden,mined,1,14.326702966470332,15.956788459283143,2.430351436847842
25,25,2.5,Overburden,mined,1,10.289095700296299,12.938688727152933,2.489386427665412
50,25,10.0,Overburden,mined,1,13.793597049102637,11.495665418759579,2.5456428739767003
25,50,2.5,Overburden,mined,1,5.494734308344809,11.53679366244078,2.2372741070288487
50,50,5.0,Oxide,mined,1,2.620124328057944,14.95834398754193,2.3696516098018185
25,50,5.0,Sulfide,mined,3,6.995668037168581,14.68336099061894,2.4327299029463614
50,25,10.0,Sulfide,mined,1,9.912934225451725,15.933872844084945,2.6563661685849165
50,50,10.0,Oxide,mined,2,13.007790867405681,17.830687261789382,2.409071723830136
50,25,10.0,Oxide,mined,1,17.93038812074523,18.704208133683156,2.4635770878938974
50,50,10.0,Overburden,mined,2,12.862085435793094,23.04819642437654,2.9624397378464113
50,50,2.5,Oxide,unmined,1,1.3021795732326247,10.87736353952694,2.457536488485971
25,50,5.0,Oxide,unmined,3,14.049956008101596,21.240522276977664,2.6886385812690565
25,50,2.5,Oxide,unmined,1,6.512185143261787,15.433709828366187,2.3084641175206517
50,50,2.5,Oxide,mined,3,14.130355396904402,14.635200936225687,2.5424147411785247
25,25,2.5,Overburden,mined,2,8.67932730623171,22.341017824718808,2.7564259151789825
50,25,2.5,Sulfide,mined,2,9.729288161077381,17.927451374170886,2.944943337745533
25,25,10.0,Sulfide,mined,1,6.566783792967265,12.201978105605004,2.336431348689731
50,50,5.0,Sulfide,unmined,2,9.360582536728142,18.792974348822135,2.6368547831242433
25,25,10.0,Overburden,mined,2,6.159435307925022,12.57475738827644,2.418398892959472
25,50,5.0,Overburden,unmined,3,13.561997658070304,21.799752406842266,2.3109561867421533
50,25,10.0,Overburden,unmined,2,9.969278490150531,23.95585472053869,2.6240661043771403
25,25,2.5,Overburden,unmined,1,8.875035961541263,18.02675074556619,2.912512111843016
25,50,10.0,Sulfide,mined,3,8.973572046359758,22.120447450828948,2.6092241384785244
50,25,10.0,Oxide,unmined,1,11.2725606886839,10.341783090471534,2.630454988121887
50,25,10.0,Sulfide,mined,1,12.27112556499396,23.079781757830634,2.931749782972548
25,50,10.0,Overburden,unmined,3,10.74505612819895,24.43811031611755,2.356864497872225
25,25,2.5,Oxide,mined,2,9.484023637265178,15.831651609143265,2.789070345597563
50,50,2.5,Oxide,unmined,1,10.576056445758796,11.802234909775244,2.745330414776442
50,25,2.5,Oxide,mined,2,11.5538678789512,12.749892918295277,2.5913382247731076
25,25,10.0,Oxide,unmined,2,11.559950982048631,16.798397829151906,2.613096433467277
50,50,2.5,Overburden,unmined,3,10.331959413638863,22.696215096714187,2.242051601373738
25,25,2.5,Sulfide,unmined,3,14.49983696177749,13.842300230970146,2.4742654373119204
25,50,2.5,Sulfide,unmined,3,10.607055287499687,12.59203817223399,2.3789712162794077
25,25,2.5,Sulfide,unmined,1,9.4013197872986,24.2556223308382,2.698191430876146
50,25,5.0,Sulfide,mined,1,10.44038376115712,14.408339087281178,2.2605258935826655
50,25,2.5,Oxide,unmined,2,11.461282810024498,11.838771387665783,2.7693218698352844
50,50,10.0,Oxide,unmined,3,9.014901311072276,18.504232150237094,2.7252648822837218
25,50,5.0,Overburden,mined,1,10.436545415781904,17.708406007789982,2.372715033162083
50,50,2.5,Overburden,unmined,2,12.823294283587526,20.61608099587477,2.40542593214768
50,25,5.0,Oxide,mined,1,5.286637203752343,21.99654502009516,2.6831769611535377
25,50,2.5,Oxide,mined,2,12.8678173084647,19.026660577983023,2.5448923420195926
50,25,10.0,Overburden,mined,3,11.515261133727892,15.550246187519106,2.3545599769941745
50,25,2.5,Oxide,mined,2,12.718088028151284,15.47841285493939,2.5826222809859822
25,25,2.5,Oxide,unmined,2,12.008693277269332,19.881458223616168,2.6928141912046213
50,50,10.0,Oxide,unmined,1,8.68436586512922,21.4736651185013,2.226682080750199
25,50,5.0,Overburden,unmined,2,8.887495780722746,15.588464968824404,2.966575101484217
25,50,5.0,Oxide,mined,1,11.947090874764012,17.137049223759696,2.4341343339140264
25,50,2.5,Overburden,unmined,3,8.279802031373082,10.756280858262164,2.564276704951331
50,50,5.0,Oxide,unmined,1,7.482279320567283,20.253448838004086,2.517378043011112
50,25,2.5,Oxide,unmined,2,16.685464804247815,23.488466162578383,2.5347841419443093
50,25,10.0,Sulfide,unmined,1,12.139245070944133,12.321828890660802,2.800566582895054
50,25,5.0,Sulfide,unmined,2,13.074991819345506,16.40082429642319,2.9884462874216053
25,50,10.0,Oxide,mined,1,9.463108252480403,12.392970908551757,2.63075752184793
25,50,10.0,Sulfide,unmined,1,8.555602452499405,22.86690861005051,2.8566304103866433
25,25,2.5,Sulfide,mined,1,6.032482684559051,23.74979466737969,2.6014350123416867
50,25,10.0,Oxide,mined,2,12.169295828457493,21.613742109096886,2.341520723376225
50,50,5.0,Sulfide,unmined,2,8.750671366818029,10.661248516252002,2.5659962825761617
50,25,5.0,Overburden,mined,3,10.314847540069328,18.774015388249687,2.7587677619534654
25,25,5.0,Overburden,unmined,2,10.412029155264927,24.05998643191126,2.27113544080152
25,25,2.5,Oxide,mined,1,9.53759597629305,10.186729347231003,2.3288264347907575
50,25,5.0,Overburden,unmined,1,10.073525877213687,11.440231190130715,2.848652203987223
25,25,2.5,Sulfide,mined,1,15.798877002909666,23.32480488178367,2.209659570428378
50,50,5.0,Oxide,mined,1,9.278938615718545,10.526456663344472,2.4575652097992737
50,25,10.0,Oxide,unmined,1,10.528562007179412,15.22006622839858,2.655011601240837
25,25,10.0,Sulfide,unmined,3,7.367005093675944,20.37391601133862,2.3619407600330393
50,50,2.5,Sulfide,mined,2,11.110723547620335,16.401727041921394,2.6552587813098643
25,50,2.5,Sulfide,unmined,2,13.768569502720243,17.993786330502285,2.842488657220791
25,50,10.0,Oxide,unmined,1,5.018519833730032,15.294219554140806,2.391844126182752
50,50,10.0,Sulfide,unmined,3,8.533331581974593,21.900922311519714,2.347341081860021
50,25,5.0,Oxide,mined,2,8.503686924326384,23.568713126769175,2.771583822984832
50,50,2.5,Sulfide,mined,2,10.545175157681676,21.66043466120447,2.536318412690325
25,25,2.5,Oxide,mined,3,10.919177476648455,22.54692805888807,2.6196469781627205
25,50,5.0,Oxide,mined,3,5.947182612925053,20.81499833335897,2.7161828448535363
50,25,5.0,Overburden,unmined,2,3.1409418408628085,12.485865124401272,2.520431182472334
50,25,2.5,Oxide,mined,2,7.8647594461198835,24.282166796233277,2.7728891296324742
25,25,2.5,Sulfide,unmined,3,12.681787389723283,16.400202531643625,2.7728046793925185
25,50,2.5,Overburden,unmined,3,8.052787229442144,18.065631905179018,2.8418617561172956
25,25,2.5,Sulfide,unmined,2,5.51034447191951,14.55380534877122,2.89738678008319
50,25,2.5,Overburden,mined,3,12.241927468428795,15.227077710937039,2.7416961326937077
50,50,5.0,Overburden,unmined,2,10.753891545459293,23.10483301911552,2.5291382944736895
50,50,5.0,Sulfide,mined,1,10.064315595252571,14.890454058447752,2.8153912197407642
50,25,10.0,Sulfide,mined,3,12.375804207565974,12.29159338457646,2.9077181429344323
25,25,10.0,Oxide,unmined,2,11.5779323649505,18.184498911129985,2.526211552541236
25,50,10.0,Oxide,mined,3,12.864962104256797,23.435442570407126,2.403831434823367
50,25,10.0,Oxide,mined,3,7.948662153766813,21.943325413250825,2.5731273408849837
25,25,10.0,Oxide,unmined,1,11.46060401376863,17.150723093772086,2.5965397310174594
25,50,2.5,Sulfide,unmined,2,10.4709484804678,10.482963949291467,2.4891055784198883
50,50,10.0,Oxide,mined,1,6.317642693672701,16.6211470167335,2.861953225356735
50,25,5.0,Oxide,unmined,3,7.406950904168525,17.752325192235787,2.7179971700226706
50,25,10.0,Oxide,unmined,3,11.227514305168793,11.904282312000923,2.9132849127740665
25,50,2.5,Sulfide,unmined,2,9.297151705908078,11.45595079333431,2.9561093068166793
50,25,10.0,Oxide,unmined,3,13.104609260644969,15.905357113418763,2.9902928488606038
25,50,10.0,Sulfide,unmined,1,5.905911058687742,20.797727756131795,2.5857081871025507
50,25,5.0,Oxide,mined,2,5.152462609690567,23.220892359091835,2.212723039575517
50,25,2.5,Oxide,mined,1,9.384690383288785,11.21323503925331,2.2338818409574315
25,25,10.0,Oxide,mined,2,11.973596113784891,19.661696165907678,2.277000337415873
50,25,10.0,Oxide,mined,1,13.91225544698805,23.523234202486094,2.8279568996557525
25,50,10.0,Oxide,unmined,2,15.370424285285115,18.638804598331625,2.8433469726823475
50,50,5.0,Oxide,unmined,1,5.5592193541560775,14.732834175369105,2.48788338950053
50,50,10.0,Sulfide,unmined,3,10.301624516125361,11.98808170429146,2.848140056915414
50,25,10.0,Overburden,mined,1,10.395059365015305,10.767098946178308,2.2003595082471548
25,25,5.0,Oxide,mined,2,11.363216165478589,14.453604624014147,2.422722750449811
25,25,2.5,Sulfide,mined,3,8.063621702886755,24.870451567795012,2.7821634375341704
25,50,2.5,Sulfide,mined,1,5.418798561902491,20.193039936067738,2.572475764197912
50,25,2.5,Sulfide,unmined,1,8.825069701115327,12.493098701853173,2.334543444426324
25,25,10.0,Sulfide,unmined,2,8.361710211559403,10.397602314852625,2.7897739758247058
25,25,2.5,Overburden,mined,1,5.38313739226551,13.523881179311394,2.744332813772377
50,25,10.0,Overburden,unmined,1,13.55174758226276,19.777069022598177,2.2523848199506373
25,50,10.0,Oxide,mined,1,9.335487261229028,21.600146032245803,2.6338867469136202
50,50,10.0,Oxide,mined,2,6.939708719154084,18.617820468979055,2.842548509670311
25,25,10.0,Overburden,mined,2,7.344738763290612,18.390278705553392,2.496268481084472
50,25,2.5,Sulfide,unmined,2,8.261710202531052,10.061033394573704,2.2477189990342095
50,25,5.0,Oxide,mined,2,7.907513788780488,14.31949794300396,2.6657942311450586
50,25,10.0,Overburden,unmined,1,14.178743628966744,12.816984359671256,2.638852382236182
25,50,10.0,Overburden,mined,1,7.356181899213294,22.039677825729232,2.6237413730992762
50,50,10.0,Sulfide,mined,2,10.118263193374826,11.191689478015679,2.2596287474769565
50,25,10.0,Sulfide,mined,3,10.340294575853722,15.46516710208144,2.242497316557207
50,50,2.5,Sulfide,mined,1,12.199113101981302,16.0357035651597,2.6137261079948924
50,50,5.0,Overburden,unmined,2,5.054582684626291,23.593726182415082,2.720575556165074
25,25,5.0,Sulfide,mined,3,10.089139535667044,18.646201961878344,2.378957756931903
25,50,5.0,Oxide,unmined,2,7.534631313714711,18.472702894957287,2.2092968143996194
50,50,5.0,Overburden,mined,2,1.0180250029341806,12.306139651023368,2.2457347003368504
50,25,5.0,Sulfide,mined,2,12.742029928455626,23.742855805790384,2.4704149778484443
25,25,5.0,Overburden,unmined,1,12.410151304632258,18.714790963032616,2.62833409900387
50,25,10.0,Oxide,unmined,1,6.61015734414023,17.320997925471968,2.214511654653555
25,50,10.0,Oxide,unmined,2,10.699449195758811,23.511183687003673,2.754020881305574
50,50,2.5,Sulfide,unmined,2,13.938903084129253,16.884215904145705,2.7677985718629543
50,25,10.0,Overburden,unmined,1,10.413003986585565,22.918606420135397,2.5828473351083425
50,25,10.0,Overburden,mined,1,10.149315251418662,23.440275752800794,2.68641352723051
25,50,5.0,Sulfide,mined,3,6.809599672874354,24.084953335321586,2.883790928394821
25,25,5.0,Sulfide,mined,1,10.894094770929343,13.36807072231407,2.256048149256879
50,50,5.0,Sulfide,mined,1,4.907634219568573,13.262037619799354,2.814626474579948
50,25,2.5,Sulfide,unmined,2,8.971456533347189,10.894681995600513,2.475693174900299
50,25,5.0,Overburden,mined,2,7.845895229280059,15.938828374433628,2.924583672484723
50,25,10.0,Overburden,unmined,2,8.727286367560014,20.547734683142952,2.5307082577304594
25,50,2.5,Sulfide,mined,3,6.816247039447694,13.026726059463954,2.795553873822804
25,50,10.0,Oxide,unmined,1,15.002255832851986,14.482403350652607,2.8347259407753915
25,25,5.0,Sulfide,unmined,2,10.811491620914486,13.163019784254015,2.5396133806851413
50,50,5.0,Oxide,unmined,3,1.0276155012461263,13.114457672075162,2.833780879434454
50,25,2.5,Overburden,mined,3,12.715609731317041,20.841125071458794,2.385626845324103
50,25,5.0,Sulfide,mined,2,7.4720878117619325,24.30932188765165,2.9925925902338326
25,25,10.0,Oxide,mined,2,14.44935364101637,14.74955829082137,2.331033030823761
25,25,5.0,Sulfide,mined,2,8.486178585051016,11.980696401632958,2.272525187287092
25,25,2.5,Sulfide,unmined,2,14.271345269365764,23.776467224146096,2.8192798456809083
25,50,2.5,Sulfide,unmined,2,13.889150094295633,21.47987877210499,2.398499756348745
50,50,2.5,Sulfide,mined,3,12.45144366419556,12.742370811144122,2.609263497215866
50,25,10.0,Sulfide,unmined,1,7.181652419379382,10.281444092427254,2.474598491780065
25,25,10.0,Overburden,mined,2,6.844294271823195,12.182118070910446,2.433850139737143
25,50,10.0,Oxide,unmined,3,9.632414395499676,16.059886343584203,2.2944823629440503
25,25,2.5,Sulfide,unmined,2,5.8224865703107636,13.221016549463894,2.410128703348109
25,25,2.5,Overburden,mined,1,8.318794857963246,24.408037175535995,2.619949322314445
50,25,2.5,Sulfide,unmined,1,3.4840042535369697,11.742934002206024,2.4952908591427807
50,50,10.0,Overburden,unmined,1,10.227615794876046,24.76550200309154,2.4227349271723253
50,50,5.0,Sulfide,mined,3,9.45081890463746,15.40006403573323,2.9543285294665553
25,50,10.0,Overburden,mined,3,6.7088153632036285,23.57894371922392,2.3967159145684227
50,25,2.5,Overburden,unmined,3,8.359718186300247,23.122382274603417,2.4620644223691057
25,25,5.0,Oxide,mined,3,10.815112895818151,19.579589150673822,2.717813289998308
25,25,5.0,Sulfide,unmined,3,9.44199766282555,20.60890938289107,2.3900865456742384
50,50,5.0,Sulfide,mined,2,12.375135897800433,18.214258196271587,2.4723386201858326
50,50,10.0,Sulfide,unmined,1,11.233345936165149,19.66884384399529,2.2896753751567496
50,25,2.5,Overburden,mined,1,4.807228143707587,17.260071972034133,2.3117050968662194
50,50,10.0,Sulfide,unmined,1,5.342888458400442,11.128680912219716,2.5223573533087142
25,25,10.0,Sulfide,mined,2,13.795257115744338,20.801246456548764,2.3330500146172355
25,50,10.0,Oxide,mined,3,7.6049256348955385,21.845224574998742,2.4810124270046896
50,25,10.0,Overburden,unmined,3,10.751408361034802,22.540183325291054,2.909479243405242
25,25,5.0,Sulfide,mined,2,16.188719901088387,12.115357824462308,2.2344676678102693
25,50,2.5,Overburden,unmined,1,15.647817045596828,20.734348120954355,2.3349114809497182
50,25,5.0,Oxide,unmined,2,7.197882062831424,15.976947151790007,2.719078480156347
50,50,5.0,Oxide,mined,1,6.341876407314672,22.478280677732023,2.954348734780271
50,25,10.0,Overburden,mined,3,9.61109579454451,13.101458353067397,2.2173622076557127
25,50,10.0,Sulfide,unmined,1,15.495734255410099,20.41375967651994,2.6207929862990076
50,25,2.5,Oxide,unmined,1,12.355125587322416,22.361184395488035,2.4448257061125025
25,50,5.0,Oxide,unmined,1,11.216375567077336,12.270044781660815,2.642914242842629
25,50,10.0,Sulfide,unmined,2,11.422338174392928,22.845539682260366,2.2824197257472183
50,50,5.0,Overburden,mined,3,14.065776501819434,18.66483563957193,2.649104306831731
50,25,10.0,Sulfide,mined,2,11.585292328289508,22.273226927383803,2.5260382195809585
50,25,5.0,Oxide,unmined,1,10.393683916146344,12.906358999600897,2.459948960620408
25,25,10.0,Sulfide,unmined,2,9.184329063063991,19.03587983736172,2.597615108128021
50,25,2.5,Sulfide,mined,2,5.860733728413707,14.366817222144977,2.421706734072112
25,25,2.5,Sulfide,unmined,2,7.907955416260623,24.451880977757,2.639503830079897
25,25,2.5,Sulfide,mined,3,7.9502732576118635,14.219511194504427,2.6714134593559193
25,25,2.5,Oxide,mined,3,9.162975440291339,19.750328097909087,2.961208310928061
50,50,5.0,Oxide,mined,3,4.557539186779955,10.393673029224912,2.3979462174364636
25,25,5.0,Oxide,mined,3,7.7408941918174285,18.170822938519528,2.8868314273878193
25,25,5.0,Oxide,mined,3,15.763623209861356,21.279198307751287,2.5712527079921053
25,25,10.0,Oxide,mined,1,10.050133356016984,16.65531729636431,2.6076282413872693
25,50,5.0,Oxide,mined,3,14.818589530737137,23.887470459380545,2.92879895967951
50,25,10.0,Oxide,unmined,2,10.199670225242324,12.405822285265685,2.7706796671255955
50,25,10.0,Sulfide,mined,2,9.195624061812984,19.727643747692184,2.785221844023493
25,25,2.5,Oxide,mined,1,12.117567846267201,10.619998162708594,2.752541298497837
50,25,2.5,Sulfide,unmined,3,4.790113828232693,10.27598509099701,2.875242047525841
25,50,2.5,Oxide,unmined,1,8.258217156463076,15.395278390880879,2.973965755601605
25,25,2.5,Overburden,unmined,2,7.618269998882413,23.242361653298467,2.9340811966491245
50,50,2.5,Oxide,unmined,1,11.427496141278548,18.357704231390954,2.6698479499073837
25,25,10.0,Overburden,mined,2,8.821069142960587,14.085287991273342,2.7627965375090886
50,25,10.0,Overburden,mined,3,12.793499140313589,21.567069068590982,2.7766849182247264
25,25,5.0,Sulfide,mined,3,10.941734539963736,13.395042772055984,2.6321419467780345
50,50,10.0,Oxide,unmined,3,10.179765562554016,12.853726804986904,2.557535414749689
25,25,5.0,Oxide,mined,3,5.813949711663005,11.807411738473338,2.902626760658073
25,50,10.0,Overburden,unmined,3,11.58344266420997,12.260711661351284,2.9256768985042907
50,50,10.0,Overburden,mined,3,13.946511507578837,11.170970363721352,2.5068560210182333
50,50,5.0,Overburden,mined,1,8.397625400726934,19.3198282842247,2.578676709257926
25,50,10.0,Sulfide,unmined,2,11.290027595723256,18.95667965091518,2.5254689257992675
50,25,2.5,Sulfide,mined,1,7.2779867825355655,18.96627424069071,2.875578272774694
25,50,5.0,Sulfide,unmined,1,7.985947572361659,24.75477464022937,2.6339147855848517
25,50,10.0,Sulfide,mined,2,11.595556031393453,18.144163375030683,2.4469954150411257
25,50,2.5,Overburden,unmined,3,6.191597078609534,10.865191516914196,2.4389243941967367
50,50,10.0,Oxide,unmined,2,13.58712632364497,21.181831404043876,2.270623100735527
50,25,10.0,Sulfide,mined,3,9.23543359110839,14.872313980791318,2.87921470483094
50,25,5.0,Sulfide,mined,3,12.709698145112444,18.789320379263195,2.995187791126897
50,50,2.5,Oxide,mined,1,7.7658369347070275,17.53890534664458,2.8917980896217697
25,50,5.0,Oxide,mined,3,7.616195798198001,16.102524104316565,2.373806669576559
50,25,2.5,Overburden,unmined,2,12.842952341188242,15.629412027299908,2.495556613514169
25,50,5.0,Sulfide,unmined,3,5.47925917616282,18.199259933902475,2.949838730559417
50,50,2.5,Oxide,unmined,1,9.467020731641384,14.388040485589404,2.318353440015147
50,25,2.5,Overburden,mined,1,14.176973777788277,20.658286315396122,2.2434151812247447
25,50,2.5,Overburden,mined,3,11.199318768341577,13.231373460325145,2.36482733892437
